Run,RunSeed,RunMinDistance_DRAMPPI,RunMinDistance_DRMPPI,RunMinDistance_MPPI,RunMinDistance_RAMPPI,SafetyViolation_DRAMPPI,SafetyViolation_DRMPPI,SafetyViolation_MPPI,SafetyViolation_RAMPPI,Collision_DRAMPPI,Collision_DRMPPI,Collision_MPPI,Collision_RAMPPI,TotalQSigmaInvStageCost_DRAMPPI,TotalQSigmaInvStageCost_DRMPPI,TotalQSigmaInvStageCost_MPPI,TotalQSigmaInvStageCost_RAMPPI,RunMaxComputeTimeMs_DRAMPPI,RunMaxComputeTimeMs_DRMPPI,RunMaxComputeTimeMs_MPPI,RunMaxComputeTimeMs_RAMPPI,AllOthersCollided,DROnlyNoCollision,DRMinDistanceAdvantage
0,1501552845,0.09556648880243301,0.6807745099067688,0.24085181951522827,0.675189197063446,1.0,0.0,1.0,0.0,1.0,0.0,1.0,0.0,26.489430407062173,27.837417986243963,20.583898102864623,26.84222260862589,38.018133000150556,18.889925002440577,11.58039199799532,19.153075001668185,False,False,0.005585312843322754
1,488200390,0.23732154071331024,0.6023985147476196,0.23506537079811096,0.6479997634887695,1.0,0.0,1.0,0.0,1.0,0.0,1.0,0.0,27.991519587114453,29.783718751743436,20.589456357061863,26.010010046884418,65.33023199881427,33.81505700235721,13.917533000494586,20.957496999471914,False,False,-0.0456012487411499
2,1693606510,0.6053298115730286,0.5650843381881714,0.23754312098026276,0.5217471718788147,0.0,0.0,1.0,0.0,0.0,0.0,1.0,0.0,26.580848157405853,25.801174161955714,20.500183122232556,25.74202099442482,79.17331799762906,86.8240230010997,12.921352001285413,19.335183998919092,False,False,-0.04024547338485718
3,680233354,0.588361918926239,0.6571545600891113,0.23156766593456268,0.5404253602027893,0.0,0.0,1.0,0.0,0.0,0.0,1.0,0.0,25.386658500880003,27.740086659789085,20.39597495086491,28.441191349178553,42.182690998743055,20.999336000386393,26.32231999814394,19.54371299871127,False,False,0.06879264116287231
4,438466540,0.11003388464450836,0.6644319891929626,0.25175848603248596,0.6596183776855469,1.0,0.0,1.0,0.0,1.0,0.0,1.0,0.0,25.87570837326348,26.94619663245976,20.539222478866577,26.64124639518559,35.632070001156535,18.871812000725185,16.12328099872684,18.601029998535523,False,False,0.0048136115074157715
5,1712329280,0.5655879974365234,0.7041816711425781,0.2285192310810089,0.565578818321228,0.0,0.0,1.0,0.0,0.0,0.0,1.0,0.0,25.884808894246817,27.157666832208633,20.49618541263044,26.595922861248255,33.20357799748308,18.869011997594498,10.280703998432728,15.613498999300646,False,False,0.1385936737060547
6,1380152455,0.060555558651685715,0.6177977919578552,0.22453683614730835,0.584894597530365,1.0,0.0,1.0,0.0,1.0,0.0,1.0,0.0,25.44719608873129,27.184075329452753,20.441622145473957,26.433458181098104,31.692335000116145,19.849321997753577,11.953080000239424,15.68047099863179,False,False,0.032903194427490234
7,1452245846,0.161481574177742,0.7084368467330933,0.2350163608789444,0.6707783937454224,1.0,0.0,1.0,0.0,1.0,0.0,1.0,0.0,26.03165696002543,28.904342783614993,20.46425392664969,27.86448896676302,33.53169500041986,18.932301998574985,9.637870000005933,16.601842999079963,False,False,0.0376584529876709
8,2122694021,0.5230203866958618,0.7092456817626953,0.23610353469848633,0.6428715586662292,0.0,0.0,1.0,0.0,0.0,0.0,1.0,0.0,25.67387339286506,27.251597993075848,20.472555965185165,25.683567874133587,36.438205002923496,19.83731899963459,12.841647996538086,15.96906299891998,False,False,0.06637412309646606
9,839901363,0.24600565433502197,0.6806498765945435,0.2314332127571106,0.6451174020767212,1.0,0.0,1.0,0.0,1.0,0.0,1.0,0.0,25.657891096547246,27.314552914351225,20.51300460100174,26.70752007700503,33.45827600060147,22.086194996518316,16.038917998230318,17.21507700131042,False,False,0.035532474517822266
10,1802651552,0.16167698800563812,0.6216650605201721,0.24114997684955597,0.19549748301506042,1.0,0.0,1.0,1.0,1.0,0.0,1.0,1.0,27.54884727112949,27.270636301487684,20.52895326167345,27.61634119041264,32.33912299765507,18.8724249965162,18.070264002744807,19.304274002934108,True,True,0.38051508367061615
11,714712467,0.1359863430261612,0.6779976487159729,0.23270346224308014,0.6343008279800415,1.0,0.0,1.0,0.0,1.0,0.0,1.0,0.0,26.16113163717091,28.664074992761016,20.528875287622213,26.817859886214137,39.52591300185304,24.675567001395393,10.56825699924957,20.884287998342188,False,False,0.043696820735931396
12,1218704077,0.1811181902885437,0.5508332848548889,0.23083648085594177,0.6649136543273926,1.0,0.0,1.0,0.0,1.0,0.0,1.0,0.0,25.39235132932663,27.11248373426497,20.587340468540788,26.124285876750946,43.69958299866994,19.13004100060789,9.88629600033164,16.562736997002503,False,False,-0.11408036947250366
13,1284858263,0.1124148815870285,0.5961829423904419,0.24515290558338165,0.6465892195701599,1.0,0.0,1.0,0.0,1.0,0.0,1.0,0.0,26.72527215629816,27.9067386072129,20.563685400411487,26.77320926077664,39.994578997720964,93.36585300115985,12.450113998056622,20.28021899968735,False,False,-0.05040627717971802
14,457721135,0.6436527967453003,0.7055381536483765,0.24005411565303802,0.5697140693664551,0.0,0.0,1.0,0.0,0.0,0.0,1.0,0.0,25.936583925038576,28.421885535120964,20.57502231746912,25.883103793486953,77.94811999701778,80.185161998088,14.684637000755174,17.019423998135608,False,False,0.06188535690307617
15,401008609,0.6262009143829346,0.7014909386634827,0.2450866997241974,0.6690751314163208,0.0,0.0,1.0,0.0,0.0,0.0,1.0,0.0,25.432918548583984,27.99216154962778,20.553980700671673,26.25668004155159,45.96927999955369,18.789058998663677,11.693677999573993,15.707230999396415,False,False,0.032415807247161865
16,492064534,0.17084918916225433,0.6454855799674988,0.2410343587398529,0.6449360847473145,1.0,0.0,1.0,0.0,1.0,0.0,1.0,0.0,25.36247443035245,27.983050210401416,20.451224464923143,26.44674699380994,33.242595000047004,19.49742199940374,18.834479997167364,27.810192998003913,False,False,0.0005494952201843262
17,1444732602,0.5775755047798157,0.6497575640678406,0.23750580847263336,0.6889945864677429,0.0,0.0,1.0,0.0,0.0,0.0,1.0,0.0,25.7973155323416,27.627998964861035,20.445696860551834,26.429426981136203,45.74452800079598,19.147773000440793,9.647819999372587,17.950340999959735,False,False,-0.039237022399902344
18,1317426686,0.5298143029212952,0.6080058813095093,0.23783935606479645,0.6815585494041443,0.0,0.0,1.0,0.0,0.0,0.0,1.0,0.0,26.591289708390832,29.010067239403725,20.556484166532755,28.279798856005073,36.996874998294516,19.431641001574462,25.850401998468442,18.74458200109075,False,False,-0.07355266809463501
19,2022506251,0.18360649049282074,0.7172366380691528,0.24050909280776978,0.6302857398986816,1.0,0.0,1.0,0.0,1.0,0.0,1.0,0.0,29.48244678787887,28.40854766778648,20.407910445705056,27.85535235516727,42.69701500015799,31.22047500073677,13.606406002509175,14.967351002269424,False,False,0.08695089817047119
20,1516459118,0.60829097032547,0.6959288716316223,0.24092541635036469,0.5239483118057251,0.0,0.0,1.0,0.0,0.0,0.0,1.0,0.0,26.090435288846493,27.33573061041534,20.569408306851983,30.132591370493174,33.927929998753825,18.91428399903816,13.028190001932671,17.160987001261674,False,False,0.08763790130615234
21,533103612,0.06558621674776077,0.6917094588279724,0.2464406043291092,0.6476688385009766,1.0,0.0,1.0,0.0,1.0,0.0,1.0,0.0,27.655010867863894,27.682628056034446,20.58585811033845,27.745813138782978,48.28910600190284,20.755565998115344,13.176717002352234,16.661661997204646,False,False,0.04404062032699585
22,1964759878,0.17304247617721558,0.6862931847572327,0.23352663218975067,0.5595482587814331,1.0,0.0,1.0,0.0,1.0,0.0,1.0,0.0,27.794453911483288,27.44922094978392,20.468038277700543,25.985307646915317,36.88322599919047,18.832634999853326,11.10264700037078,32.241318996966584,False,False,0.12674492597579956
23,2037706756,0.1652078628540039,0.6308339834213257,0.23192007839679718,0.5255648493766785,1.0,0.0,1.0,0.0,1.0,0.0,1.0,0.0,25.448504369705915,26.9903329256922,20.52413040585816,26.293892722576857,58.51848800011794,18.678337000892498,12.576247001561569,17.52411800043774,False,False,0.10526913404464722
24,1572889065,0.5479171276092529,0.7049253582954407,0.23057760298252106,0.5268987417221069,0.0,0.0,1.0,0.0,0.0,0.0,1.0,0.0,26.340235710144043,26.881228568032384,20.498235488310456,26.603440744802356,36.42819000015152,19.083780000073602,13.72249799896963,17.942960999789648,False,False,0.15700823068618774
25,1432881518,0.6360434889793396,0.69403475522995,0.23459501564502716,0.6737315058708191,0.0,0.0,1.0,0.0,0.0,0.0,1.0,0.0,26.042419865727425,27.624229192733765,20.416157018393278,27.164094652980566,78.91484100036905,19.463710999843897,10.737180997239193,16.08363600098528,False,False,0.02030324935913086
26,280516901,0.15276546776294708,0.5706667900085449,0.2244393676519394,0.6509145498275757,1.0,0.0,1.0,0.0,1.0,0.0,1.0,0.0,26.25382374227047,27.3686097972095,20.510041056200862,26.49124801158905,61.431905000063125,20.529869998426875,12.237408001965377,17.64309499776573,False,False,-0.08024775981903076
27,205939248,0.23917298018932343,0.621898353099823,0.2425677627325058,0.49158623814582825,1.0,0.0,1.0,0.0,1.0,0.0,1.0,0.0,25.7959416359663,27.146895395591855,20.518825544044375,27.90399658679962,38.713224999810336,21.02379699863377,13.089647000015248,18.223465001938166,False,False,0.13031211495399475
28,571904914,0.49786099791526794,0.5850218534469604,0.2255660444498062,0.15611007809638977,0.0,0.0,1.0,1.0,0.0,0.0,1.0,1.0,26.636817157268524,26.979650396853685,20.553364142775536,26.894364224746823,40.21769400060293,19.567966999602504,9.740321002027486,20.320388000982348,False,False,0.0871608555316925
29,948843457,0.12428463995456696,0.682802140712738,0.2310011237859726,0.6369497179985046,1.0,0.0,1.0,0.0,1.0,0.0,1.0,0.0,25.3855874594301,28.90472561866045,20.47250484675169,27.537261797115207,41.39179699996021,19.81048000016017,9.160320998489624,20.308996998210205,False,False,0.0458524227142334
30,155492488,0.29671511054039,0.721316397190094,0.24419018626213074,0.62837153673172,1.0,0.0,1.0,0.0,1.0,0.0,1.0,0.0,26.450003415346146,27.697806231677532,20.482870932668447,25.5276363696903,53.484764001041185,19.327949001308298,11.573829000553815,17.19935200162581,False,False,0.09294486045837402
31,1903701130,0.07548154145479202,0.6407397389411926,0.23197108507156372,0.5795499086380005,1.0,0.0,1.0,0.0,1.0,0.0,1.0,0.0,26.87706339918077,26.66276996396482,20.551898758858442,26.350543189793825,38.51287400175352,34.86718200292671,14.515974999085302,15.92332499785698,False,False,0.06118983030319214
32,1017961266,0.4573934078216553,0.6613216400146484,0.23517365753650665,0.6324193477630615,1.0,0.0,1.0,0.0,1.0,0.0,1.0,0.0,25.67031937278807,25.904731264337897,20.56064400076866,26.085186176002026,33.83604100235971,24.028947002079803,13.97944700147491,18.425829999614507,False,False,0.028902292251586914
33,1497769985,0.15888099372386932,0.7014690041542053,0.2320522516965866,0.6309325695037842,1.0,0.0,1.0,0.0,1.0,0.0,1.0,0.0,25.067599587142467,26.284497598186135,20.54819285310805,26.677427165210247,227.41108799891663,19.78905299984035,12.527793001936516,70.29662599961739,False,False,0.07053643465042114
34,456523489,0.49839961528778076,0.6542026996612549,0.2435055822134018,0.6068604588508606,0.0,0.0,1.0,0.0,0.0,0.0,1.0,0.0,25.967639634385705,26.674161544069648,20.539080891758204,30.050336131826043,39.45282700078678,18.72940999965067,10.483778998604976,20.269723998353584,False,False,0.04734224081039429
35,701095136,0.29646456241607666,0.5883611440658569,0.229482963681221,0.6483174562454224,1.0,0.0,1.0,0.0,1.0,0.0,1.0,0.0,25.526099625974894,26.647599529474974,20.464195715263486,26.436620764434338,39.3107929994585,19.177103000401985,12.07317599983071,18.60090500122169,False,False,-0.05995631217956543
36,249069576,0.23507441580295563,0.6996311545372009,0.23309263586997986,0.5238944292068481,1.0,0.0,1.0,0.0,1.0,0.0,1.0,0.0,26.431877868250012,28.41259683482349,20.502734944224358,26.378561468794942,29.58868300265749,18.803199996909825,12.443474002793664,17.026159999659285,False,False,0.17573672533035278
37,1576098728,0.624659538269043,0.6181162595748901,0.23931701481342316,0.19623874127864838,0.0,0.0,1.0,1.0,0.0,0.0,1.0,1.0,25.159202560782433,25.664065381512046,20.594676544889808,27.761632381007075,30.096094000327867,18.890149000071688,9.726779997436097,17.477901001257123,False,False,-0.006543278694152832
38,1662748500,0.35171669721603394,0.6970953345298767,0.23959209024906158,0.6457222104072571,1.0,0.0,1.0,0.0,1.0,0.0,1.0,0.0,25.636704048141837,28.30783935263753,20.53705250658095,28.033014688640833,69.25018599940813,48.67601200021454,9.07626799744321,26.39814199937973,False,False,0.05137312412261963
39,472736216,0.5535443425178528,0.6655716300010681,0.24327097833156586,0.5965192914009094,0.0,0.0,1.0,0.0,0.0,0.0,1.0,0.0,25.93552778661251,28.954074155539274,20.51191117055714,30.45524812489748,39.765842997439904,19.487443001708016,10.440288999234326,15.534739999566227,False,False,0.06905233860015869
40,1535411295,0.6093406081199646,0.6565840840339661,0.23337185382843018,0.5103124380111694,0.0,0.0,1.0,0.0,0.0,0.0,1.0,0.0,26.3060979321599,27.003512544557452,20.501140624284744,26.958823611959815,39.79111000080593,19.502881001244532,9.839624002779601,18.321413997909985,False,False,0.047243475914001465
41,175223003,0.2243938148021698,0.6898705959320068,0.23718570172786713,0.544688880443573,1.0,0.0,1.0,0.0,1.0,0.0,1.0,0.0,25.439724462106824,28.463747223839164,20.44870825856924,29.425595372915268,38.3333620011399,19.04513100089389,11.830041999928653,17.485656000644667,False,False,0.14518171548843384
42,840936862,0.16238144040107727,0.5832623839378357,0.23738567531108856,0.6499571800231934,1.0,0.0,1.0,0.0,1.0,0.0,1.0,0.0,26.128287417814136,28.345526674762368,20.40279720723629,29.429576927796006,37.06473000056576,18.798805998812895,9.367070997541305,14.913147999322973,False,False,-0.06669479608535767
43,343373188,0.1268237829208374,0.6699386239051819,0.2379123568534851,0.6533488035202026,1.0,0.0,1.0,0.0,1.0,0.0,1.0,0.0,26.30845939554274,27.083971867337823,20.538036081939936,30.729575822129846,42.683494997618254,19.062567000219133,10.465662002388854,17.728689999785274,False,False,0.016589820384979248
44,1597751082,0.15464091300964355,0.668165922164917,0.22960853576660156,0.6256550550460815,1.0,0.0,1.0,0.0,1.0,0.0,1.0,0.0,25.40067849867046,27.706708887591958,20.52184685692191,26.850185560062528,33.44927099897177,19.091753001703182,10.695067001506686,14.883669002301758,False,False,0.04251086711883545
45,730359585,0.10975367575883865,0.7092949151992798,0.23740677535533905,0.6910083889961243,1.0,0.0,1.0,0.0,1.0,0.0,1.0,0.0,25.46443890966475,27.68895024806261,20.475031726062298,26.52324773184955,37.53024500110769,19.003418998181587,10.106460998940747,14.909325996995904,False,False,0.018286526203155518
46,1016641002,0.07168681919574738,0.7080418467521667,0.2348574697971344,0.6656298637390137,1.0,0.0,1.0,0.0,1.0,0.0,1.0,0.0,25.54417998343706,28.49222533404827,20.541417000815272,28.404995715245605,32.3098230001051,21.631062001688406,19.43988499988336,15.072690999659244,False,False,0.042411983013153076
47,998994690,0.09894025325775146,0.5604309439659119,0.23843559622764587,0.6229628324508667,1.0,0.0,1.0,0.0,1.0,0.0,1.0,0.0,26.597708608955145,26.14164676144719,20.576605221256614,26.48845017142594,36.09832700021798,18.82740799919702,10.898191001615487,14.958836000005249,False,False,-0.06253188848495483
48,1021240743,0.3330419659614563,0.6809430122375488,0.22879353165626526,0.6512300372123718,1.0,0.0,1.0,0.0,1.0,0.0,1.0,0.0,25.826239986345172,30.269957473501563,20.448588291183114,26.60903807170689,38.43363399937516,19.06637800129829,11.620835997746326,15.088803000253392,False,False,0.029712975025177002
49,572134801,0.2832772135734558,0.5918265581130981,0.22574634850025177,0.5662919282913208,1.0,0.0,1.0,0.0,1.0,0.0,1.0,0.0,25.327928829938173,27.197559777647257,20.391123997047544,26.32360903173685,42.60472800160642,18.89130999916233,12.038619999657385,19.19599999746424,False,False,0.025534629821777344
50,1198399760,0.3109046518802643,0.6784500479698181,0.237723246216774,0.6208154559135437,1.0,0.0,1.0,0.0,1.0,0.0,1.0,0.0,26.01943337544799,27.364660497754812,20.578538052737713,25.795367535203695,37.54335899793659,18.913408002845244,9.242255000572186,14.875074997689808,False,False,0.057634592056274414
51,1751866485,0.3607805371284485,0.5910102128982544,0.24646832048892975,0.665505051612854,1.0,0.0,1.0,0.0,1.0,0.0,1.0,0.0,25.45815791748464,27.104801123961806,20.526538932695985,26.47750613093376,52.816840001469245,18.83584299866925,9.024347997183213,14.852285999950254,False,False,-0.07449483871459961
52,1070889713,0.05253910645842552,0.5488174557685852,0.23192892968654633,0.602455735206604,1.0,0.0,1.0,0.0,1.0,0.0,1.0,0.0,27.393925931304693,26.73670468479395,20.385278053581715,27.24042664654553,57.38527699941187,19.26213499973528,29.818535997037543,28.662783002801007,False,False,-0.0536382794380188
53,415096539,0.3506874144077301,0.3536204695701599,0.24159058928489685,0.6350162625312805,1.0,1.0,1.0,0.0,1.0,1.0,1.0,0.0,25.824481362476945,27.08598629385233,20.586732901632786,27.01680776104331,83.51772199966945,19.667157001094893,18.07671099959407,18.653070997970644,False,False,-0.2813957929611206
54,52416235,0.298753023147583,0.6963592767715454,0.23879767954349518,0.5289933681488037,1.0,0.0,1.0,0.0,1.0,0.0,1.0,0.0,26.624114356935024,27.559760253876448,20.513999303802848,26.560433633625507,32.4973550013965,18.872791002650047,10.370316002081381,15.650197998184012,False,False,0.1673659086227417
55,278032723,0.0217699334025383,0.6737636923789978,0.22768673300743103,0.5685209035873413,1.0,0.0,1.0,0.0,1.0,0.0,1.0,0.0,26.38705270178616,26.14987519197166,20.452697582542896,25.846150562167168,41.771029002120486,18.96622300046147,12.388849998387741,16.095539001980796,False,False,0.1052427887916565
56,174946158,0.1402883678674698,0.7069593667984009,0.2211693525314331,0.6668975949287415,1.0,0.0,1.0,0.0,1.0,0.0,1.0,0.0,26.127722326666117,27.980241302400827,20.545399617403746,27.22225046157837,33.77075599928503,18.786406002618605,10.208374998910585,15.25625499925809,False,False,0.040061771869659424
57,196848554,0.48668375611305237,0.5869210958480835,0.2290726602077484,0.5923188924789429,0.0,0.0,1.0,0.0,0.0,0.0,1.0,0.0,26.394661221653223,27.921676399186254,20.46310074813664,28.50023173354566,50.7972690029419,19.46542999939993,11.540196999703767,15.484912000829354,False,False,-0.005397796630859375
58,263030910,0.09641782939434052,0.6134719252586365,0.23918257653713226,0.5419284701347351,1.0,0.0,1.0,0.0,1.0,0.0,1.0,0.0,27.98646076209843,27.116238737478852,20.448307491838932,26.088494071736932,30.64721899863798,19.59627399992314,9.258104997570626,19.051953000598587,False,False,0.07154345512390137
59,1285415020,0.3446551263332367,0.6204345226287842,0.23564182221889496,0.6709880232810974,1.0,0.0,1.0,0.0,1.0,0.0,1.0,0.0,25.879439420998096,27.706452226266265,20.557604448869824,27.772940320894122,33.90399100317154,20.584382000379264,16.908437999518355,15.543213001365075,False,False,-0.05055350065231323
60,1733223444,0.51088947057724,0.7203249335289001,0.24171951413154602,0.566939651966095,0.0,0.0,1.0,0.0,0.0,0.0,1.0,0.0,25.437562262639403,27.725660556927323,20.4675714019686,25.99617011845112,31.09242299979087,19.3800380002358,9.286217999033397,15.097202001925325,False,False,0.15338528156280518
61,1835544261,0.2633427679538727,0.6293993592262268,0.2351711243391037,0.6501597762107849,1.0,0.0,1.0,0.0,1.0,0.0,1.0,0.0,25.922393683344126,28.547647278755903,20.53761400654912,28.804965436458588,33.30477299823542,18.955622999783373,18.073109997203574,15.537654999207007,False,False,-0.020760416984558105
62,1403186970,0.07439108192920685,0.5745157599449158,0.2316751480102539,0.5224326848983765,1.0,0.0,1.0,0.0,1.0,0.0,1.0,0.0,26.90631785057485,28.336870167404413,20.541444834321737,27.233406338840723,33.950698998523876,18.873443001211854,11.961090996919665,15.791822999744909,False,False,0.05208307504653931
63,1291971777,0.058485403656959534,0.7130431532859802,0.2264883667230606,0.21736006438732147,1.0,0.0,1.0,1.0,1.0,0.0,1.0,1.0,26.304187757894397,26.957475466653705,20.57509882375598,27.57490904070437,32.6956409990089,18.94480100236251,10.438559998874553,15.646171999833314,True,True,0.4865547865629196
64,712292067,0.10339582711458206,0.6955086588859558,0.24330224096775055,0.6774984002113342,1.0,0.0,1.0,0.0,1.0,0.0,1.0,0.0,25.69966540299356,27.67596465535462,20.53529311902821,26.58285915479064,32.97482900234172,18.85189000313403,12.337359999946784,16.351422000298044,False,False,0.018010258674621582
65,2001429764,0.2514561712741852,0.6969234943389893,0.22664698958396912,0.6443085670471191,1.0,0.0,1.0,0.0,1.0,0.0,1.0,0.0,25.254818519577384,28.42327899672091,20.55564928241074,27.34009885787964,30.564783002773765,23.348693001025822,11.53775599959772,16.980117998173228,False,False,0.05261492729187012
66,1375664061,0.4863000214099884,0.6826796531677246,0.22914019227027893,0.648489773273468,0.0,0.0,1.0,0.0,0.0,0.0,1.0,0.0,25.36725298501551,30.390262523666024,20.580114832147956,27.46159360744059,34.869674000219675,18.84759000313352,10.15475299936952,15.921657999570016,False,False,0.03418987989425659
67,1556456120,0.6094282269477844,0.6798714995384216,0.24961429834365845,0.6300556063652039,0.0,0.0,1.0,0.0,0.0,0.0,1.0,0.0,25.74826261214912,27.869559846818447,20.518901417031884,27.395682068541646,35.082398000668036,19.061074999626726,9.98332499875687,16.152620999491774,False,False,0.04981589317321777
68,1576053187,0.0800805389881134,0.7202803492546082,0.24213282763957977,0.49789783358573914,1.0,0.0,1.0,0.0,1.0,0.0,1.0,0.0,26.199624666944146,29.011239156126976,20.64467049203813,26.33466094173491,33.20325799722923,18.874188001063885,9.477884999796515,16.26162899992778,False,False,0.22238251566886902
69,1848019881,0.12259698659181595,0.7253402471542358,0.2331596314907074,0.6601327657699585,1.0,0.0,1.0,0.0,1.0,0.0,1.0,0.0,25.402271630242467,27.234602320939302,20.535715602338314,26.458008356392384,35.55633900032262,18.738892998953816,12.298171001020819,15.36649099944043,False,False,0.06520748138427734
70,1508652585,0.11721420288085938,0.6965783834457397,0.23565363883972168,0.6570916175842285,1.0,0.0,1.0,0.0,1.0,0.0,1.0,0.0,24.85238559357822,28.01122364588082,20.57691547460854,27.54812460578978,33.17695299847401,18.780489997880068,9.736598996823886,15.483334002055926,False,False,0.03948676586151123
71,1995737731,0.39473214745521545,0.6038231253623962,0.24694065749645233,0.5205399990081787,1.0,0.0,1.0,0.0,1.0,0.0,1.0,0.0,25.87332220748067,26.932699097320437,20.560993183404207,31.73315127938986,37.76054800255224,18.986557999596698,11.559643000509823,17.710734999127453,False,False,0.08328312635421753
72,1162788447,0.10999709367752075,0.6280859112739563,0.2406538724899292,0.6515717506408691,1.0,0.0,1.0,0.0,1.0,0.0,1.0,0.0,26.822920432314277,26.626339748501778,20.538880301639438,26.944316409528255,46.04828799710958,19.294529000035254,16.002115000446793,21.463069999299478,False,False,-0.023485839366912842
73,1172925522,0.5761828422546387,0.7065610289573669,0.23515509068965912,0.5915374755859375,0.0,0.0,1.0,0.0,0.0,0.0,1.0,0.0,26.936097698286176,28.02381094917655,20.41457643173635,26.00430259667337,88.3578610009863,18.733938999503152,10.788334999233484,16.8712670019886,False,False,0.11502355337142944
74,539174575,0.10920652002096176,0.622139573097229,0.23214679956436157,0.5451115965843201,1.0,0.0,1.0,0.0,1.0,0.0,1.0,0.0,25.727157313376665,26.960033705458045,20.371013266965747,26.115859547629952,52.0860430005996,25.935772999218898,38.94239800138166,24.558010998589452,False,False,0.07702797651290894
75,2013637345,0.14054502546787262,0.7146677374839783,0.24643917381763458,0.5441386699676514,1.0,0.0,1.0,0.0,1.0,0.0,1.0,0.0,25.158355770632625,30.050460198894143,20.519797073677182,29.40774724446237,36.42634900097619,20.466516001761192,10.363441000663443,15.619895999407163,False,False,0.1705290675163269
76,1187468716,0.06128842383623123,0.5944862961769104,0.2393522411584854,0.6531177163124084,1.0,0.0,1.0,0.0,1.0,0.0,1.0,0.0,25.462503023445606,26.793294973671436,20.47054462134838,27.97751947119832,39.44254000089131,18.986724000569666,12.179741999716498,15.5487260017253,False,False,-0.05863142013549805
77,1062978506,0.46191108226776123,0.7014819383621216,0.23103024065494537,0.627629816532135,1.0,0.0,1.0,0.0,1.0,0.0,1.0,0.0,25.801980951800942,28.641369111835957,20.60315124131739,27.296559436246753,36.284015001001535,19.771158000366995,10.820609000802506,16.039060999901267,False,False,0.07385212182998657
78,679326770,0.22082094848155975,0.7104673385620117,0.23563796281814575,0.6498610973358154,1.0,0.0,1.0,0.0,1.0,0.0,1.0,0.0,24.84868400543928,28.117212668061256,20.46386115066707,27.75563955307007,39.46691099918098,19.270004002464702,10.900613997364417,17.748400001437403,False,False,0.06060624122619629
79,587923432,0.005602596793323755,0.6518923044204712,0.24392864108085632,0.5205773115158081,1.0,0.0,1.0,0.0,1.0,0.0,1.0,0.0,25.988465305417776,26.550096061080694,20.416368413716555,27.913823215290904,43.394180000177585,20.419866999873193,18.269626001711003,18.706948998442385,False,False,0.13131499290466309
80,1359889667,0.1634543538093567,0.664145827293396,0.23036371171474457,0.6495646834373474,1.0,0.0,1.0,0.0,1.0,0.0,1.0,0.0,26.524393813684583,27.982281969860196,20.4845587965101,26.892267554998398,37.21506299916655,26.910060998488916,15.982212000380969,16.862175998539897,False,False,0.014581143856048584
81,970187386,0.11991623789072037,0.6142557263374329,0.23178423941135406,0.6419150233268738,1.0,0.0,1.0,0.0,1.0,0.0,1.0,0.0,26.968034887686372,26.921707710251212,20.496427446603775,26.209968822076917,34.021796000160975,21.29798399982974,11.044863997085486,17.457099998864578,False,False,-0.027659296989440918
82,1219839873,0.47939565777778625,0.6913862228393555,0.23327481746673584,0.6534852981567383,1.0,0.0,1.0,0.0,1.0,0.0,1.0,0.0,25.90259758196771,27.905031019821763,20.417917773127556,26.198370365425944,87.46989300198038,21.785205997730372,14.094764999754261,16.88799100156757,False,False,0.03790092468261719
83,1428160212,0.30634021759033203,0.6971133351325989,0.2281433641910553,0.6524244546890259,1.0,0.0,1.0,0.0,1.0,0.0,1.0,0.0,29.011266086250544,27.300494723021984,20.49037478491664,26.094249898567796,366.5697420001379,20.498284000495914,20.16079299937701,40.215943998191506,False,False,0.044688880443573
84,1930609499,0.2986437678337097,0.6519557237625122,0.2224811613559723,0.6433302760124207,1.0,0.0,1.0,0.0,1.0,0.0,1.0,0.0,27.682472113519907,26.042419662699103,20.48066853173077,26.25953932106495,86.31068600152503,20.26083799864864,11.900143999810098,31.944163998559816,False,False,0.008625447750091553
85,710582861,0.63348788022995,0.6872941255569458,0.24502938985824585,0.6585884094238281,0.0,0.0,1.0,0.0,0.0,0.0,1.0,0.0,26.30312409438193,26.928625211119652,20.579811887815595,30.962661687284708,49.91508000239264,97.95727299933787,19.02429899928393,23.745599002722884,False,False,0.028705716133117676
86,1463614337,0.4554060697555542,0.6868157386779785,0.23695778846740723,0.6623271703720093,1.0,0.0,1.0,0.0,1.0,0.0,1.0,0.0,25.882353557273746,26.804944314062595,20.536578807979822,27.018090086057782,54.22642499979702,19.237554999563145,32.028920999437105,90.97041000131867,False,False,0.02448856830596924
87,1940152705,0.05822140350937843,0.7066100239753723,0.2417314350605011,0.5768249034881592,1.0,0.0,1.0,0.0,1.0,0.0,1.0,0.0,27.23445508442819,27.583066338673234,20.514667872339487,26.500319158658385,71.93571000243537,22.78897100040922,14.590385002520634,21.994138001900865,False,False,0.12978512048721313
88,985452196,0.15371036529541016,0.7068892121315002,0.2353951334953308,0.5305116176605225,1.0,0.0,1.0,0.0,1.0,0.0,1.0,0.0,26.379606772214174,27.412734799087048,20.533945696428418,26.42035081796348,34.18471899931319,19.91392300260486,23.402154998620972,20.143615001870785,False,False,0.17637759447097778
89,552062587,0.13678216934204102,0.6875750422477722,0.2326604425907135,0.6549205780029297,1.0,0.0,1.0,0.0,1.0,0.0,1.0,0.0,25.884652338922024,28.632226774469018,20.482826475054026,26.47740071825683,35.67795299750287,20.444457997655263,11.387496997485869,15.85713299937197,False,False,0.03265446424484253
90,623566272,0.3237226903438568,0.7054264545440674,0.22273662686347961,0.6450419425964355,1.0,0.0,1.0,0.0,1.0,0.0,1.0,0.0,25.433101711794734,30.106531823053956,20.409229442477226,29.577848276123405,38.060440001572715,20.067378001840552,12.798859002941754,18.227995999041013,False,False,0.060384511947631836
91,729775797,0.13512736558914185,0.7178353667259216,0.23408959805965424,0.5643126964569092,1.0,0.0,1.0,0.0,1.0,0.0,1.0,0.0,27.902480699121952,27.882416548207402,20.476276768371463,25.936629762873054,42.29770500023733,22.273219998169225,12.070323999068933,17.888066002342384,False,False,0.15352267026901245
92,1352536665,0.20550523698329926,0.5970261096954346,0.23666392266750336,0.3415962755680084,1.0,0.0,1.0,1.0,1.0,0.0,1.0,1.0,27.185197047889233,26.601986253634095,20.588714241981506,26.97391790896654,41.533886000252096,18.986175000463845,9.367307000502478,16.504164999787463,True,True,0.25542983412742615
93,555883440,0.3023477792739868,0.641944169998169,0.239838108420372,0.6610389351844788,1.0,0.0,1.0,0.0,1.0,0.0,1.0,0.0,26.211196998134255,27.928149469196796,20.432231158018112,25.61838322505355,47.11641699759639,83.6677890001738,11.028991000785027,17.91372300067451,False,False,-0.019094765186309814
94,1801800003,0.0738937109708786,0.7054756879806519,0.2209482192993164,0.6460702419281006,1.0,0.0,1.0,0.0,1.0,0.0,1.0,0.0,25.704152474179864,29.159190533682704,20.438109731301665,26.501166559755802,105.7134059992677,19.41838100174209,12.672298998950282,16.73610999932862,False,False,0.05940544605255127
95,763315502,0.2566002607345581,0.7087600231170654,0.23434790968894958,0.6686568260192871,1.0,0.0,1.0,0.0,1.0,0.0,1.0,0.0,26.900950275361538,28.466112591326237,20.61078567430377,26.60786166600883,69.87036899954546,23.55265999722178,18.096432999300305,61.04035099997418,False,False,0.04010319709777832
96,138897982,0.34702393412590027,0.6915904879570007,0.24489669501781464,0.6589465141296387,1.0,0.0,1.0,0.0,1.0,0.0,1.0,0.0,26.02671243995428,27.17473268508911,20.662540201097727,26.398538157343864,49.62437900030636,19.544196002243552,16.530886001419276,18.617316000018036,False,False,0.03264397382736206
97,10785379,0.6505191922187805,0.734862208366394,0.2340325266122818,0.6611218452453613,0.0,0.0,1.0,0.0,0.0,0.0,1.0,0.0,27.1739025618881,28.811067571863532,20.535269325599074,27.169707622379065,64.61082800160511,20.38236800217419,17.281529999308987,16.91225700051291,False,False,0.07374036312103271
98,53923185,0.1401532143354416,0.5129390358924866,0.22702935338020325,0.2146848440170288,1.0,0.0,1.0,1.0,1.0,0.0,1.0,1.0,25.819273464381695,26.953577030450106,20.496870685368776,27.976340057328343,79.02802299940959,20.22497700090753,16.04363400110742,16.821614997752476,True,True,0.2859096825122833
99,1349917978,0.2283908575773239,0.6228695511817932,0.23389014601707458,0.6588871479034424,1.0,0.0,1.0,0.0,1.0,0.0,1.0,0.0,26.35470525547862,26.245973501354456,20.41036549769342,28.533160848543048,33.88973900291603,18.922555002063746,19.130167002003873,15.669759999582311,False,False,-0.03601759672164917
