Algorithm,Run,RunMinDistance,SafetyViolation,Collision,TotalQSigmaInvStageCost,RunMaxComputeTimeMs
MPPI,0,0.06370945274829865,1.0,1.0,5.263874456170015,19.804412997473264
MPPI,1,0.3096628785133362,1.0,1.0,5.768086597672664,10.349757998483256
MPPI,2,0.05789726972579956,1.0,1.0,5.354055152041838,11.67180499760434
MPPI,3,0.0782790333032608,1.0,1.0,5.338466885033995,16.26880500043626
MPPI,4,0.12270692735910416,1.0,1.0,5.3153889327077195,13.380250002228422
MPPI,5,0.12167041748762131,1.0,1.0,5.443686053506099,12.274405002244748
MPPI,6,0.11126408725976944,1.0,1.0,5.480901982053183,12.768622000294272
MPPI,7,0.1197468638420105,1.0,1.0,5.342293518362567,14.276391000748845
MPPI,8,0.11230593174695969,1.0,1.0,5.444202255341224,11.681256000883877
MPPI,9,0.10151827335357666,1.0,1.0,5.4878400401212275,29.691053001442924
MPPI,10,0.11405514925718307,1.0,1.0,5.386898605618626,15.080418001161888
MPPI,11,0.048180680721998215,1.0,1.0,5.473580635152757,29.59883099902072
MPPI,12,0.10077531635761261,1.0,1.0,5.491581132169813,9.999959002016112
MPPI,13,0.08468189090490341,1.0,1.0,5.373866010573693,15.350896999734687
MPPI,14,0.3025442957878113,1.0,1.0,5.874513608403504,11.938375999307027
MPPI,15,0.31769898533821106,1.0,1.0,5.898378193960525,11.705823999363929
MPPI,16,0.08050651848316193,1.0,1.0,5.409816642291844,12.952656001289142
MPPI,17,0.10859595984220505,1.0,1.0,5.2964014610042796,16.700765998393763
MPPI,18,0.09926897287368774,1.0,1.0,5.330039160442539,15.105583999684313
MPPI,19,0.1236024722456932,1.0,1.0,5.224626942304894,9.48617500034743
MPPI,20,0.111913301050663,1.0,1.0,5.377889824449085,7.513527998526115
MPPI,21,0.11897401511669159,1.0,1.0,5.434393410338089,7.437504002155038
MPPI,22,0.09222505986690521,1.0,1.0,5.50694276439026,8.143731000018306
MPPI,23,0.3008003830909729,1.0,1.0,5.875886979396455,8.349744999577524
MPPI,24,0.03770133852958679,1.0,1.0,5.355607822188176,7.640580999577651
MPPI,25,0.10787659883499146,1.0,1.0,5.25055432645604,8.23231200047303
MPPI,26,0.08919553458690643,1.0,1.0,5.270064747426659,8.819575999950757
MPPI,27,0.10755456238985062,1.0,1.0,5.446644741808996,8.840565002174117
MPPI,28,0.12252367287874222,1.0,1.0,5.439460032619536,7.3482139996485785
MPPI,29,0.11371175944805145,1.0,1.0,5.394437684444711,7.5766119989566505
MPPI,30,0.05637073144316673,1.0,1.0,5.44217037234921,7.957900998007972
MPPI,31,0.09835159033536911,1.0,1.0,5.359309869236313,7.239141999889398
MPPI,32,0.07349684089422226,1.0,1.0,5.60253731359262,7.876881998527097
MPPI,33,0.28413325548171997,1.0,1.0,5.850244162604213,8.178660998964915
MPPI,34,0.026465216651558876,1.0,1.0,5.466662967111915,7.367229998635594
MPPI,35,0.29436013102531433,1.0,1.0,5.730273143504746,7.530639999458799
MPPI,36,0.07473213225603104,1.0,1.0,5.345996673917398,7.2024099972622935
MPPI,37,0.06414059549570084,1.0,1.0,5.303951069130562,59.24894499912625
MPPI,38,0.12308242172002792,1.0,1.0,5.419451240450144,8.363755001482787
MPPI,39,0.10398491472005844,1.0,1.0,5.527728347107768,7.8655190009158105
MPPI,40,0.32871943712234497,1.0,1.0,5.987053642165847,28.428902001905954
MPPI,41,0.03445490822196007,1.0,1.0,5.3809138155775145,7.386397999653127
MPPI,42,0.2900439500808716,1.0,1.0,5.991164514794946,8.882657002686756
MPPI,43,0.11250842362642288,1.0,1.0,5.437575261224993,7.865339001000393
MPPI,44,0.09361152350902557,1.0,1.0,5.491170089342631,13.31402699725004
MPPI,45,0.052884455770254135,1.0,1.0,5.434522823663428,7.543380997958593
MPPI,46,0.11803941428661346,1.0,1.0,5.377530512632802,7.629514999280218
MPPI,47,0.0794455036520958,1.0,1.0,5.348706833203323,7.243995001772419
MPPI,48,0.3249334394931793,1.0,1.0,5.936661884887144,11.305309999443125
MPPI,49,0.09582997858524323,1.0,1.0,5.434614600497298,7.9823519990895875
MPPI,50,0.3160485625267029,1.0,1.0,5.803623596904799,7.56314800310065
MPPI,51,0.11371196806430817,1.0,1.0,5.394517960259691,7.575837000331376
MPPI,52,0.08083741366863251,1.0,1.0,5.378475610283203,7.429634999425616
MPPI,53,0.09840243309736252,1.0,1.0,5.362034130725078,8.731281999644125
MPPI,54,0.3442317545413971,1.0,1.0,5.994098878814839,8.236412999394815
MPPI,55,0.018329991027712822,1.0,1.0,5.424893063027412,12.421919000189519
MPPI,56,0.12177102267742157,1.0,1.0,5.519457731745206,8.067028000368737
MPPI,57,0.09371344745159149,1.0,1.0,5.375327762332745,7.529755999712506
MPPI,58,0.12575483322143555,1.0,1.0,5.489067833172157,14.66781600174727
MPPI,59,0.03168638050556183,1.0,1.0,5.531422951258719,8.252685001934879
MPPI,60,0.09922169893980026,1.0,1.0,5.392870029667392,7.32413399964571
MPPI,61,0.31655818223953247,1.0,1.0,5.777264641830698,7.814416996552609
MPPI,62,0.05357427895069122,1.0,1.0,5.500423953169957,7.470470998669043
MPPI,63,0.0821293368935585,1.0,1.0,5.460502417758107,69.95791000008467
MPPI,64,0.07882462441921234,1.0,1.0,5.32974425831344,7.215707999421284
MPPI,65,0.09894721210002899,1.0,1.0,5.373734829365276,7.664524000574602
MPPI,66,0.11270320415496826,1.0,1.0,5.379237601417117,7.283437000296544
MPPI,67,0.07194356620311737,1.0,1.0,5.287925305310637,8.443285998509964
MPPI,68,0.08248238265514374,1.0,1.0,5.358587966300547,7.421324000461027
MPPI,69,0.289630651473999,1.0,1.0,5.863554654060863,7.339797000895487
MPPI,70,0.3403925597667694,1.0,1.0,5.860260692657903,7.226336001622258
MPPI,71,0.3258216977119446,1.0,1.0,5.8652142020873725,7.705462001467822
MPPI,72,0.3016963303089142,1.0,1.0,5.77811496774666,71.77586099714972
MPPI,73,0.02556544728577137,1.0,1.0,5.428233351209201,7.400894999591401
MPPI,74,0.08670718967914581,1.0,1.0,5.347245055017993,7.259125999553362
MPPI,75,0.09429775923490524,1.0,1.0,5.339653052040376,8.000978999916697
MPPI,76,0.28290674090385437,1.0,1.0,6.043521437095478,9.89340999876731
MPPI,77,0.3079896569252014,1.0,1.0,5.705566225107759,17.17976100189844
MPPI,78,0.06101284921169281,1.0,1.0,5.383809188148007,7.85140500011039
MPPI,79,0.3345643877983093,1.0,1.0,5.7798239989206195,8.920530999603216
MPPI,80,0.0628470852971077,1.0,1.0,5.385173315764405,7.987973000126658
MPPI,81,0.031230127438902855,1.0,1.0,5.613178264466114,8.948446000431431
MPPI,82,0.09344364702701569,1.0,1.0,5.438688133726828,8.532670999557013
MPPI,83,0.1064373031258583,1.0,1.0,5.592801129445434,8.341352000570623
MPPI,84,0.10822486132383347,1.0,1.0,5.407499608700164,9.639171999879181
MPPI,85,0.025538446381688118,1.0,1.0,5.42447686183732,8.82163799906266
MPPI,86,0.29793858528137207,1.0,1.0,5.752671746886335,7.482033000997035
MPPI,87,0.10462851077318192,1.0,1.0,5.345852582831867,8.958271002484253
MPPI,88,0.09868673980236053,1.0,1.0,5.258312938618474,7.426673000736628
MPPI,89,0.08745879679918289,1.0,1.0,5.286942897597328,8.587183998315595
MPPI,90,0.3420233428478241,1.0,1.0,5.881010653451085,11.65708099870244
MPPI,91,0.08174417167901993,1.0,1.0,5.3424583920277655,8.388082998862956
MPPI,92,0.09004195034503937,1.0,1.0,5.413259546970949,9.228537001035875
MPPI,93,0.059206124395132065,1.0,1.0,5.2554812274174765,7.963236999785295
MPPI,94,0.08839897066354752,1.0,1.0,5.303604768705554,8.577087002777262
MPPI,95,0.10086973756551743,1.0,1.0,5.4061063673580065,8.353189998160815
MPPI,96,0.04525359347462654,1.0,1.0,5.378242168575525,8.033417001570342
MPPI,97,0.3202747404575348,1.0,1.0,5.885481352219358,7.415117001073668
MPPI,98,0.11415985971689224,1.0,1.0,5.418524714303203,7.2596399986650795
MPPI,99,0.32071995735168457,1.0,1.0,5.971065753488801,7.3627690035209525
RAMPPI,0,0.19467997550964355,1.0,1.0,5.931550556560978,10.518463001062628
RAMPPI,1,0.7929116487503052,0.0,0.0,5.185212264768779,11.610457997448975
RAMPPI,2,0.6844224333763123,0.0,0.0,5.590144566260278,11.29418100026669
RAMPPI,3,0.8016997575759888,0.0,0.0,5.025198095245287,11.583004001295194
RAMPPI,4,0.19948022067546844,1.0,1.0,6.0718954536132514,28.76139799991506
RAMPPI,5,1.0018994808197021,0.0,0.0,5.048920403700322,13.030625003011664
RAMPPI,6,0.25679755210876465,1.0,1.0,6.000334456097335,12.3086389976379
RAMPPI,7,0.8626503944396973,0.0,0.0,5.024522045860067,11.627021001913818
RAMPPI,8,0.13546696305274963,1.0,1.0,6.74213151994627,13.962111999717308
RAMPPI,9,0.27320191264152527,1.0,1.0,6.490459264954552,28.545216999191325
RAMPPI,10,0.31180477142333984,1.0,1.0,6.9471750309458,11.656539001705823
RAMPPI,11,0.3937799036502838,1.0,1.0,5.6606587616261095,11.467895998066524
RAMPPI,12,0.6780741810798645,0.0,0.0,5.749178301775828,11.333213002217235
RAMPPI,13,0.15969689190387726,1.0,1.0,6.861964326002635,11.097752998466603
RAMPPI,14,0.1619768738746643,1.0,1.0,6.046184646198526,11.480273999040946
RAMPPI,15,0.2916983962059021,1.0,1.0,7.221402316354215,13.525000998924952
RAMPPI,16,0.24567894637584686,1.0,1.0,7.274701014277525,11.043685000913683
RAMPPI,17,0.9759528040885925,0.0,0.0,4.770974938757718,12.844613000197569
RAMPPI,18,0.3096484839916229,1.0,1.0,6.804554720642045,10.767956999188755
RAMPPI,19,0.42977258563041687,1.0,1.0,5.95898358989507,7.051666998449946
RAMPPI,20,0.857742428779602,0.0,0.0,5.133775136666372,6.961595998291159
RAMPPI,21,0.16012628376483917,1.0,1.0,6.006629619281739,7.5344760007283185
RAMPPI,22,0.1917923241853714,1.0,1.0,5.7975745112635195,7.111003997124499
RAMPPI,23,0.33524656295776367,1.0,1.0,6.483650253387168,8.090054998319829
RAMPPI,24,0.2674669325351715,1.0,1.0,7.6059684050269425,8.03125500169699
RAMPPI,25,0.8243660926818848,0.0,0.0,5.006158481119201,7.321045999560738
RAMPPI,26,0.8812914490699768,0.0,0.0,5.073426868999377,7.281018999492517
RAMPPI,27,0.7081483602523804,0.0,0.0,5.5470425565727055,8.039891999942483
RAMPPI,28,0.311642050743103,1.0,1.0,6.288307318580337,7.046282000374049
RAMPPI,29,0.7244998812675476,0.0,0.0,5.256373887415975,7.088998001563596
RAMPPI,30,0.247648224234581,1.0,1.0,6.068046704633161,6.945897999685258
RAMPPI,31,0.8886021375656128,0.0,0.0,5.108400858007371,7.296079998923233
RAMPPI,32,1.1434746980667114,0.0,0.0,4.695026031695306,72.76336299764807
RAMPPI,33,0.007354992441833019,1.0,1.0,6.4554037428461015,7.23602699872572
RAMPPI,34,0.7000532746315002,0.0,0.0,5.258146247826517,7.518173999415012
RAMPPI,35,0.8028143644332886,0.0,0.0,5.064998257206753,11.81110299876309
RAMPPI,36,0.24053774774074554,1.0,1.0,5.868231372209266,67.88761500138207
RAMPPI,37,0.9433399438858032,0.0,0.0,4.993120727362111,7.482992001314415
RAMPPI,38,1.0242228507995605,0.0,0.0,4.74693741905503,7.800446001056116
RAMPPI,39,0.8016334772109985,0.0,0.0,5.310424672439694,6.866259998787427
RAMPPI,40,0.21808695793151855,1.0,1.0,5.878915019100532,8.160807999956887
RAMPPI,41,0.19602863490581512,1.0,1.0,5.981766928220168,7.643982000445249
RAMPPI,42,0.8040666580200195,0.0,0.0,5.394208841025829,7.750124997983221
RAMPPI,43,0.13038533926010132,1.0,1.0,6.351452382397838,7.183206002082443
RAMPPI,44,0.21362772583961487,1.0,1.0,5.842825474217534,6.957678000617307
RAMPPI,45,0.21428340673446655,1.0,1.0,5.830401039216667,8.509657000104198
RAMPPI,46,0.7524264454841614,0.0,0.0,5.037083150586113,7.982152001204668
RAMPPI,47,0.18964703381061554,1.0,1.0,5.847788882441819,7.512395997764543
RAMPPI,48,0.17393039166927338,1.0,1.0,6.738692669547163,11.860995000461116
RAMPPI,49,1.0594514608383179,0.0,0.0,4.82298397179693,7.153774000471458
RAMPPI,50,0.21770234405994415,1.0,1.0,6.207876927219331,8.185055998183088
RAMPPI,51,0.8282789587974548,0.0,0.0,5.1624103609938174,7.138195000152336
RAMPPI,52,0.18661315739154816,1.0,1.0,5.987286933232099,7.02109000121709
RAMPPI,53,0.18880951404571533,1.0,1.0,5.780129403108731,8.299298002384603
RAMPPI,54,1.1348929405212402,0.0,0.0,4.7433842092286795,6.895133999933023
RAMPPI,55,0.9441918134689331,0.0,0.0,4.9627465680241585,7.73814900094294
RAMPPI,56,0.8903951644897461,0.0,0.0,5.011645279591903,7.774363999487832
RAMPPI,57,0.1601753979921341,1.0,1.0,6.2386775619816035,11.600413999985904
RAMPPI,58,0.2561468482017517,1.0,1.0,6.5141526001971215,7.0592669981124345
RAMPPI,59,0.07444152235984802,1.0,1.0,6.216245137504302,7.471185999747831
RAMPPI,60,0.21670664846897125,1.0,1.0,6.052912755170837,7.071790998452343
RAMPPI,61,0.1815023571252823,1.0,1.0,6.826882792869583,7.9407830016862135
RAMPPI,62,0.21892741322517395,1.0,1.0,6.1804564809426665,66.08223000148428
RAMPPI,63,0.20676465332508087,1.0,1.0,6.0265034874901175,7.20115900185192
RAMPPI,64,0.3054894506931305,1.0,1.0,6.349074097000994,6.9002620002720505
RAMPPI,65,0.1764693707227707,1.0,1.0,6.071685683447868,7.15417600076762
RAMPPI,66,0.7332305312156677,0.0,0.0,5.4850913202390075,6.833821000327589
RAMPPI,67,0.8079873323440552,0.0,0.0,5.303487440571189,7.361161999142496
RAMPPI,68,0.6910191774368286,0.0,0.0,5.526482620509341,7.109433998266468
RAMPPI,69,0.8519976735115051,0.0,0.0,5.026889254106209,7.06377399910707
RAMPPI,70,0.7379570007324219,0.0,0.0,5.2542607095092535,7.0809950011607725
RAMPPI,71,0.2527126669883728,1.0,1.0,6.6032548426883295,7.559671001217794
RAMPPI,72,0.2577042281627655,1.0,1.0,6.600895210867748,6.852424001408508
RAMPPI,73,0.19064731895923615,1.0,1.0,5.8524336544796824,6.945684002857888
RAMPPI,74,0.8016545176506042,0.0,0.0,5.156387171708047,7.026669998595025
RAMPPI,75,0.8394166827201843,0.0,0.0,4.93183498759754,7.547600998805137
RAMPPI,76,0.8570218086242676,0.0,0.0,5.089293161174282,6.869883996841963
RAMPPI,77,0.6913199424743652,0.0,0.0,5.651337758405134,7.267762000992661
RAMPPI,78,0.988791286945343,0.0,0.0,4.92265969584696,7.663936001335969
RAMPPI,79,0.814723551273346,0.0,0.0,5.0445785890333354,9.116828001424437
RAMPPI,80,0.8388079404830933,0.0,0.0,5.135954555589706,7.380415001534857
RAMPPI,81,0.2036387026309967,1.0,1.0,5.762634517624974,9.74619099724805
RAMPPI,82,0.7780874371528625,0.0,0.0,5.410814848728478,8.31480300257681
RAMPPI,83,0.30207282304763794,1.0,1.0,6.691626645275392,8.455196999420878
RAMPPI,84,0.17602229118347168,1.0,1.0,6.593644868931733,7.97907999731251
RAMPPI,85,0.8140294551849365,0.0,0.0,5.259308769134805,7.792308002535719
RAMPPI,86,0.702323853969574,0.0,0.0,5.559691831935197,7.492697000998305
RAMPPI,87,0.9911019206047058,0.0,0.0,4.921060551190749,8.460963999823434
RAMPPI,88,0.40765395760536194,1.0,1.0,6.004242200637236,8.528674999979557
RAMPPI,89,0.9887101650238037,0.0,0.0,4.736307403771207,8.082989999820711
RAMPPI,90,0.32444876432418823,1.0,1.0,6.388127504964359,8.307747000799282
RAMPPI,91,0.29577645659446716,1.0,1.0,6.608536444953643,7.7800729995942675
RAMPPI,92,0.23357543349266052,1.0,1.0,6.436888720141724,7.742689998849528
RAMPPI,93,0.2605641782283783,1.0,1.0,5.884802407817915,7.496711998101091
RAMPPI,94,0.7577829360961914,0.0,0.0,5.369464740157127,7.419031000608811
RAMPPI,95,0.7235447764396667,0.0,0.0,5.474339078413323,7.513676999224117
RAMPPI,96,0.8233890533447266,0.0,0.0,5.230666854418814,8.118940000713337
RAMPPI,97,0.16206292808055878,1.0,1.0,6.054885957622901,7.04352500179084
RAMPPI,98,0.781014084815979,0.0,0.0,5.4691331833601,6.98935599939432
RAMPPI,99,0.8434522747993469,0.0,0.0,5.029721930390224,7.090825998602668
DRMPPI,0,1.831915259361267,0.0,0.0,4.400140953250229,9.484259000601014
DRMPPI,1,1.8680274486541748,0.0,0.0,4.379966656677425,11.807949002104579
DRMPPI,2,1.8077316284179688,0.0,0.0,4.398518686182797,12.303142000746448
DRMPPI,3,1.8105765581130981,0.0,0.0,4.379288335563615,11.682109998218948
DRMPPI,4,1.8406894207000732,0.0,0.0,4.439703355077654,11.639071999525186
DRMPPI,5,1.864906907081604,0.0,0.0,4.379833540413529,12.86601300307666
DRMPPI,6,1.836552381515503,0.0,0.0,4.359136466868222,12.265638000826584
DRMPPI,7,1.8728492259979248,0.0,0.0,4.426072537200525,11.77726100286236
DRMPPI,8,1.8269295692443848,0.0,0.0,4.493267324054614,11.23167699915939
DRMPPI,9,1.8193005323410034,0.0,0.0,4.412115047220141,11.216410999622894
DRMPPI,10,1.7711617946624756,0.0,0.0,4.3840773538686335,12.267229001736268
DRMPPI,11,1.8386499881744385,0.0,0.0,4.354910825379193,11.68329899883247
DRMPPI,12,1.8331800699234009,0.0,0.0,4.44940939405933,12.154326999734621
DRMPPI,13,1.7429224252700806,0.0,0.0,4.496052676578984,11.233211000217125
DRMPPI,14,1.8001381158828735,0.0,0.0,4.3878889991901815,13.333873001101892
DRMPPI,15,1.829206109046936,0.0,0.0,4.415861466899514,12.115122997784056
DRMPPI,16,1.8133734464645386,0.0,0.0,4.452328574378043,10.150376001547556
DRMPPI,17,1.8795876502990723,0.0,0.0,4.382586440304294,13.375689999520546
DRMPPI,18,1.790121078491211,0.0,0.0,4.370282321237028,10.909859000094002
DRMPPI,19,1.8182594776153564,0.0,0.0,4.4308238595258445,8.934408997447463
DRMPPI,20,1.8269788026809692,0.0,0.0,4.4028362093959,7.513215001381468
DRMPPI,21,1.7894638776779175,0.0,0.0,4.4482996326405555,12.413916003424674
DRMPPI,22,1.823087215423584,0.0,0.0,4.439956317655742,7.4871219985652715
DRMPPI,23,1.835134744644165,0.0,0.0,4.450174959609285,7.235699999000644
DRMPPI,24,1.8177292346954346,0.0,0.0,4.40499679162167,7.820131999324076
DRMPPI,25,1.8338934183120728,0.0,0.0,4.36390638933517,30.982696000137366
DRMPPI,26,1.7898551225662231,0.0,0.0,4.3673353414051235,7.307372998184292
DRMPPI,27,1.8383009433746338,0.0,0.0,4.428085585124791,7.385471999441506
DRMPPI,28,1.7930331230163574,0.0,0.0,4.4572195305954665,8.303634000185411
DRMPPI,29,1.846699595451355,0.0,0.0,4.467421746812761,69.88608900064719
DRMPPI,30,1.8506375551223755,0.0,0.0,4.346316456096247,66.26042199786752
DRMPPI,31,1.8214304447174072,0.0,0.0,4.4310042324941605,7.565265001176158
DRMPPI,32,1.8979833126068115,0.0,0.0,4.285284531768411,7.165156999690225
DRMPPI,33,1.832053303718567,0.0,0.0,4.451073240255937,7.539213002019096
DRMPPI,34,1.8284096717834473,0.0,0.0,4.4268049208913,7.318676998693263
DRMPPI,35,1.866044282913208,0.0,0.0,4.37424252810888,7.0188810022955295
DRMPPI,36,1.790529489517212,0.0,0.0,4.375084848375991,7.226284000353189
DRMPPI,37,1.8622691631317139,0.0,0.0,4.398610576055944,7.048489998851437
DRMPPI,38,1.8681750297546387,0.0,0.0,4.390021265251562,7.066999998642132
DRMPPI,39,1.8532147407531738,0.0,0.0,4.42823257506825,7.119477002561325
DRMPPI,40,1.830800175666809,0.0,0.0,4.3853630071971565,8.458369000436505
DRMPPI,41,1.8009718656539917,0.0,0.0,4.432539751753211,7.466816998203285
DRMPPI,42,1.8142749071121216,0.0,0.0,4.392131733242422,9.17749599830131
DRMPPI,43,1.8290048837661743,0.0,0.0,4.367206097813323,8.537082001566887
DRMPPI,44,1.8873836994171143,0.0,0.0,4.374143995344639,7.122341998183401
DRMPPI,45,1.8772188425064087,0.0,0.0,4.377328482223675,7.651151998288697
DRMPPI,46,1.8779627084732056,0.0,0.0,4.33696148567833,15.522095996857388
DRMPPI,47,1.816315770149231,0.0,0.0,4.421016443986446,7.417256001645001
DRMPPI,48,1.852748155593872,0.0,0.0,4.4181599139701575,8.256847999291494
DRMPPI,49,1.8905880451202393,0.0,0.0,4.317815002752468,14.161475999571849
DRMPPI,50,1.8454816341400146,0.0,0.0,4.370517674367875,7.507510999857914
DRMPPI,51,1.853119134902954,0.0,0.0,4.3980852293316275,7.079686001816299
DRMPPI,52,1.863162875175476,0.0,0.0,4.363230880582705,7.0281169973895885
DRMPPI,53,1.8252350091934204,0.0,0.0,4.485885238042101,8.047695002460387
DRMPPI,54,1.9124723672866821,0.0,0.0,4.316395939560607,7.479297000827501
DRMPPI,55,1.8377723693847656,0.0,0.0,4.337302996544167,8.769983000092907
DRMPPI,56,1.8358595371246338,0.0,0.0,4.438544694101438,7.2988739993888885
DRMPPI,57,1.8741487264633179,0.0,0.0,4.38868970121257,8.685904998856131
DRMPPI,58,1.77632737159729,0.0,0.0,4.453102926025167,7.169301999965683
DRMPPI,59,1.8009611368179321,0.0,0.0,4.413099464029074,7.677870999032166
DRMPPI,60,1.794920802116394,0.0,0.0,4.395082997391,7.666679997782921
DRMPPI,61,1.8254451751708984,0.0,0.0,4.403738474240527,13.422175001323922
DRMPPI,62,1.8016114234924316,0.0,0.0,4.349570774007589,7.217086000309791
DRMPPI,63,1.7679202556610107,0.0,0.0,4.390643883962184,6.981714999710675
DRMPPI,64,1.7740839719772339,0.0,0.0,4.468461340060458,7.143511000322178
DRMPPI,65,1.83741295337677,0.0,0.0,4.406369358999655,7.57455600250978
DRMPPI,66,1.8243550062179565,0.0,0.0,4.404048428637907,64.49135600269074
DRMPPI,67,1.8734956979751587,0.0,0.0,4.459240311291069,7.248941001307685
DRMPPI,68,1.7979203462600708,0.0,0.0,4.323455551173538,67.78418600151781
DRMPPI,69,1.8603168725967407,0.0,0.0,4.391158011509106,7.228201000543777
DRMPPI,70,1.890032172203064,0.0,0.0,4.3999009935650975,7.592212001327425
DRMPPI,71,1.805383324623108,0.0,0.0,4.391348363133147,17.13091599958716
DRMPPI,72,1.805899739265442,0.0,0.0,4.4320629965513945,7.182180001109373
DRMPPI,73,1.8693315982818604,0.0,0.0,4.3181511471048,7.960455001011724
DRMPPI,74,1.868762731552124,0.0,0.0,4.448546562809497,7.359043000178644
DRMPPI,75,1.8591580390930176,0.0,0.0,4.35951394890435,8.684508000442293
DRMPPI,76,1.8682026863098145,0.0,0.0,4.394588669063523,7.816362001904054
DRMPPI,77,1.7983375787734985,0.0,0.0,4.419869855744764,7.253675001265947
DRMPPI,78,1.8437386751174927,0.0,0.0,4.40844106557779,8.110398997814627
DRMPPI,79,1.8197352886199951,0.0,0.0,4.499522922094911,7.991154998308048
DRMPPI,80,1.841368317604065,0.0,0.0,4.326124618994072,15.173858999332879
DRMPPI,81,1.8250936269760132,0.0,0.0,4.430530939484015,7.824175001587719
DRMPPI,82,1.8066749572753906,0.0,0.0,4.446403754409403,7.086115001584403
DRMPPI,83,1.8160730600357056,0.0,0.0,4.465146601432934,7.655743997020181
DRMPPI,84,1.8287458419799805,0.0,0.0,4.344834482995793,7.614065998495789
DRMPPI,85,1.8580390214920044,0.0,0.0,4.381796828005463,7.529459002398653
DRMPPI,86,1.8305622339248657,0.0,0.0,4.359268752159551,7.697200999245979
DRMPPI,87,1.847024917602539,0.0,0.0,4.356730906525627,7.893480000348063
DRMPPI,88,1.8137084245681763,0.0,0.0,4.41460771812126,8.59587000013562
DRMPPI,89,1.8804023265838623,0.0,0.0,4.303567197872326,7.967749999806983
DRMPPI,90,1.82365083694458,0.0,0.0,4.381370055489242,7.483511002646992
DRMPPI,91,1.8231946229934692,0.0,0.0,4.474278271896765,7.601532000990119
DRMPPI,92,1.8446091413497925,0.0,0.0,4.47855308954604,7.8261080016091
DRMPPI,93,1.7893203496932983,0.0,0.0,4.393094154540449,7.589906999783125
DRMPPI,94,1.8581669330596924,0.0,0.0,4.346997901331633,7.605913000588771
DRMPPI,95,1.8638248443603516,0.0,0.0,4.4317951269913465,7.236646000819746
DRMPPI,96,1.8736329078674316,0.0,0.0,4.378970299148932,8.086303998425137
DRMPPI,97,1.8233637809753418,0.0,0.0,4.471616773167625,13.792878999083769
DRMPPI,98,1.82199227809906,0.0,0.0,4.430453164037317,6.977451997954631
DRMPPI,99,1.8240898847579956,0.0,0.0,4.445124526275322,68.21329000013066
DRAMPPI,0,0.02215033583343029,1.0,1.0,5.200819248799235,76.33716100099264
DRAMPPI,1,0.08945988863706589,1.0,1.0,5.288922529434785,89.31402300004265
DRAMPPI,2,0.08867105096578598,1.0,1.0,5.3481616959907115,92.54501599934883
DRAMPPI,3,0.03967748209834099,1.0,1.0,5.308006771141663,85.87894900119863
DRAMPPI,4,0.04750147461891174,1.0,1.0,5.367948011844419,85.60812100040494
DRAMPPI,5,0.08682066202163696,1.0,1.0,5.369011481525376,90.48771200104966
DRAMPPI,6,0.030739638954401016,1.0,1.0,5.357475373195484,88.71899899895652
DRAMPPI,7,0.04473508149385452,1.0,1.0,5.469960107235238,90.24342900011106
DRAMPPI,8,0.09776634722948074,1.0,1.0,5.331257992074825,88.49184200153104
DRAMPPI,9,0.03567192703485489,1.0,1.0,5.325019954121672,90.71881899944856
DRAMPPI,10,0.026451006531715393,1.0,1.0,5.3897507367655635,93.63321700220695
DRAMPPI,11,0.07057439535856247,1.0,1.0,5.228505497099832,90.89260199834825
DRAMPPI,12,0.03370217978954315,1.0,1.0,5.404941684100777,90.60454100108473
DRAMPPI,13,0.01874636858701706,1.0,1.0,5.39655145118013,90.31838400187553
DRAMPPI,14,0.026108911260962486,1.0,1.0,5.40797902084887,88.96561800065683
DRAMPPI,15,0.05998086556792259,1.0,1.0,5.328968465444632,89.8353060001682
DRAMPPI,16,0.03334839642047882,1.0,1.0,5.517546529183164,89.7770869996748
DRAMPPI,17,0.03549414128065109,1.0,1.0,5.416744194924831,87.52527199976612
DRAMPPI,18,0.059232939034700394,1.0,1.0,5.598072828608565,175.57052499978454
DRAMPPI,19,0.0680045336484909,1.0,1.0,5.305766260600649,59.66183700002148
DRAMPPI,20,0.012420686893165112,1.0,1.0,5.353847425896674,57.90640999839525
DRAMPPI,21,0.02154814638197422,1.0,1.0,5.256203661090694,62.93843599996762
DRAMPPI,22,0.0667591542005539,1.0,1.0,5.477079558302648,65.38102400008938
DRAMPPI,23,0.08956773579120636,1.0,1.0,5.2429353101179,61.04905699976371
DRAMPPI,24,0.09732014685869217,1.0,1.0,5.269081986625679,60.74067900044611
DRAMPPI,25,0.07426141947507858,1.0,1.0,5.291542868129909,58.723740999994334
DRAMPPI,26,0.0993410274386406,1.0,1.0,5.554867679835297,59.59483599872328
DRAMPPI,27,0.06456952542066574,1.0,1.0,5.310784582979977,64.38051700024516
DRAMPPI,28,0.08705877512693405,1.0,1.0,5.248219002271071,126.39838000177406
DRAMPPI,29,0.043579161167144775,1.0,1.0,5.374378908192739,57.78938600269612
DRAMPPI,30,0.06670515984296799,1.0,1.0,5.19660000235308,58.166229999187635
DRAMPPI,31,0.028320826590061188,1.0,1.0,5.4174309495138,84.54871699723299
DRAMPPI,32,0.09067642688751221,1.0,1.0,5.383742995327339,59.799782997288276
DRAMPPI,33,0.04036542773246765,1.0,1.0,5.313568481709808,236.9605660023808
DRAMPPI,34,0.054139915853738785,1.0,1.0,5.47506092407275,70.81745499817771
DRAMPPI,35,0.0472346656024456,1.0,1.0,5.547940079472028,234.20265700042364
DRAMPPI,36,0.08321075886487961,1.0,1.0,5.455637902021408,58.63520599814365
DRAMPPI,37,0.013398957438766956,1.0,1.0,5.224485519574955,58.310070002335124
DRAMPPI,38,0.0274406298995018,1.0,1.0,5.378119234461337,150.4306729984819
DRAMPPI,39,0.05949287489056587,1.0,1.0,5.429107548086904,61.35390599956736
DRAMPPI,40,0.055219631642103195,1.0,1.0,5.379136598552577,163.52232999997796
DRAMPPI,41,0.04925216734409332,1.0,1.0,5.4327888855477795,58.30870599675109
DRAMPPI,42,0.09749388694763184,1.0,1.0,5.214617838035338,60.13180200170609
DRAMPPI,43,0.08371969312429428,1.0,1.0,5.39843284804374,61.08349900023313
DRAMPPI,44,0.09124377369880676,1.0,1.0,5.407773036393337,63.11050699878251
DRAMPPI,45,0.048262644559144974,1.0,1.0,5.347423397004604,60.4629110021051
DRAMPPI,46,0.049466319382190704,1.0,1.0,5.565156088792719,58.612346001609694
DRAMPPI,47,0.047834087163209915,1.0,1.0,5.31964101199992,59.24702199990861
DRAMPPI,48,0.04446282982826233,1.0,1.0,5.249811563524418,62.775406000582734
DRAMPPI,49,0.051071103662252426,1.0,1.0,5.359747145790607,58.09680899983505
DRAMPPI,50,0.051891524344682693,1.0,1.0,5.287248836946674,178.53885400108993
DRAMPPI,51,0.06164713203907013,1.0,1.0,5.357901824172586,92.5788200001989
DRAMPPI,52,0.06935746967792511,1.0,1.0,5.387973763397895,63.94561799970688
DRAMPPI,53,0.07320037484169006,1.0,1.0,5.268452234682627,62.03327199909836
DRAMPPI,54,0.10315012186765671,1.0,1.0,5.424953989684582,62.01679200239596
DRAMPPI,55,0.06833235919475555,1.0,1.0,5.28625398746226,60.85980900024879
DRAMPPI,56,0.028745217248797417,1.0,1.0,5.333103750832379,62.44830699870363
DRAMPPI,57,0.09620567411184311,1.0,1.0,5.481024009757675,63.964789998863125
DRAMPPI,58,0.04141273722052574,1.0,1.0,5.422328820917755,58.35054099952686
DRAMPPI,59,0.08067057281732559,1.0,1.0,5.440121542196721,101.33691699957126
DRAMPPI,60,0.022547202184796333,1.0,1.0,5.2127902411157265,60.93058400074369
DRAMPPI,61,0.06863562017679214,1.0,1.0,5.525940884370357,151.9889150004019
DRAMPPI,62,0.03483785316348076,1.0,1.0,5.3512822792399675,58.08592100220267
DRAMPPI,63,0.020198442041873932,1.0,1.0,5.335985525161959,217.4742379975214
DRAMPPI,64,0.03839199244976044,1.0,1.0,5.56640521355439,284.6014459973958
DRAMPPI,65,0.09696093201637268,1.0,1.0,5.369786236202344,218.42111500154715
DRAMPPI,66,0.08797881007194519,1.0,1.0,5.283486102707684,58.35724699863931
DRAMPPI,67,0.05139697715640068,1.0,1.0,5.230011444655247,120.92307700004312
DRAMPPI,68,0.006961592007428408,1.0,1.0,5.287122487439774,58.50636700051837
DRAMPPI,69,0.08909735083580017,1.0,1.0,5.464692113921046,133.74463499712874
DRAMPPI,70,0.09743507206439972,1.0,1.0,5.373564465320669,60.24921299831476
DRAMPPI,71,0.05538063496351242,1.0,1.0,5.470418851706199,58.374402000481496
DRAMPPI,72,0.02424141764640808,1.0,1.0,5.281226862920448,297.71881900160224
DRAMPPI,73,0.10640036314725876,1.0,1.0,5.382942440803163,93.5854789968289
DRAMPPI,74,0.014564134180545807,1.0,1.0,5.327163799898699,131.83168200339423
DRAMPPI,75,0.10433643311262131,1.0,1.0,5.339884504908696,59.926469999481924
DRAMPPI,76,0.09552145004272461,1.0,1.0,5.211276446003467,61.860748999606585
DRAMPPI,77,0.10579667240381241,1.0,1.0,5.462741621769965,61.63186800040421
DRAMPPI,78,0.019031142815947533,1.0,1.0,5.3724549864418805,59.739764998084866
DRAMPPI,79,0.09268244355916977,1.0,1.0,5.410698036663234,61.62481900173589
DRAMPPI,80,0.0341438390314579,1.0,1.0,5.3898200610419735,58.535944001050666
DRAMPPI,81,0.10231027752161026,1.0,1.0,5.272411149926484,61.84073599797557
DRAMPPI,82,0.029017064720392227,1.0,1.0,5.279567788820714,60.272403999988455
DRAMPPI,83,0.06972327083349228,1.0,1.0,5.3411777873989195,58.77909699847805
DRAMPPI,84,0.07074059545993805,1.0,1.0,5.288714004564099,62.13171299896203
DRAMPPI,85,0.05845504254102707,1.0,1.0,5.320442336495034,61.79190200055018
DRAMPPI,86,0.061545439064502716,1.0,1.0,5.3261354573769495,59.46221499834792
DRAMPPI,87,0.05828559026122093,1.0,1.0,5.219815967604518,62.000195001019165
DRAMPPI,88,0.09820118546485901,1.0,1.0,5.198282333905809,60.880480999912834
DRAMPPI,89,0.0352141372859478,1.0,1.0,5.395022403798066,63.579862002370646
DRAMPPI,90,0.0703766793012619,1.0,1.0,5.3114507449790835,60.43557100201724
DRAMPPI,91,0.05419353023171425,1.0,1.0,5.434468239545822,58.92906400185893
DRAMPPI,92,0.041136227548122406,1.0,1.0,5.257585220970213,61.73061899971799
DRAMPPI,93,0.08557148277759552,1.0,1.0,5.54795367049519,61.09073200059356
DRAMPPI,94,0.07064592838287354,1.0,1.0,5.371270755771548,60.365180997905554
DRAMPPI,95,0.01856980100274086,1.0,1.0,5.3588419634616,62.90321800042875
DRAMPPI,96,0.02513580396771431,1.0,1.0,5.394324817927554,199.24652799818432
DRAMPPI,97,0.0795418992638588,1.0,1.0,5.149987158598378,364.62609299996984
DRAMPPI,98,0.06513698399066925,1.0,1.0,5.280106538091786,118.18474200117635
DRAMPPI,99,0.10069261491298676,1.0,1.0,5.378412955556996,58.49034800121444
