Algorithm,Run,RunMinDistance,SafetyViolation,Collision,TotalTrackingControlCost,TotalQSigmaInvStageCost,TotalQRStageCost,RunMaxComputeTimeMs
MPPI,0,-0.1502825915813446,1.0,1.0,6.321479997830465,6.321479997830465,6.321479997830465,28.395710978657007
MPPI,1,-0.1683681458234787,1.0,1.0,6.236419907072559,6.236419907072559,6.236419907072559,18.808275926858187
MPPI,2,-0.1567779928445816,1.0,1.0,6.236374232801609,6.236374232801609,6.236374232801609,18.682064954191446
MPPI,3,-0.13890138268470764,1.0,1.0,6.694687750772573,6.694687750772573,6.694687750772573,18.241151003167033
MPPI,4,-0.30000001192092896,1.0,1.0,7.049172455095686,7.049172455095686,7.049172455095686,18.141234992071986
MPPI,5,-0.15490275621414185,1.0,1.0,6.215504657360725,6.215504657360725,6.215504657360725,18.78900220617652
MPPI,6,-0.15576964616775513,1.0,1.0,6.336850910913199,6.336850910913199,6.336850910913199,18.435946898534894
MPPI,7,-0.16400308907032013,1.0,1.0,6.170893074944615,6.170893074944615,6.170893074944615,18.737687030807137
MPPI,8,-0.14033211767673492,1.0,1.0,6.525692070834339,6.525692070834339,6.525692070834339,18.69470300152898
MPPI,9,-0.1501426100730896,1.0,1.0,6.237954345997423,6.237954345997423,6.237954345997423,18.70587095618248
MPPI,10,-0.15616559982299805,1.0,1.0,6.481580029707402,6.481580029707402,6.481580029707402,18.427023198455572
MPPI,11,-0.1648830622434616,1.0,1.0,6.1425367458723485,6.1425367458723485,6.1425367458723485,18.455392913892865
MPPI,12,-0.14248763024806976,1.0,1.0,6.073526527616195,6.073526527616195,6.073526527616195,19.593775970861316
MPPI,13,-0.1554294377565384,1.0,1.0,6.229692862019874,6.229692862019874,6.229692862019874,18.477745121344924
MPPI,14,-0.15408650040626526,1.0,1.0,6.2547369269886985,6.2547369269886985,6.2547369269886985,18.50274601019919
MPPI,15,-0.15786829590797424,1.0,1.0,6.274353968910873,6.274353968910873,6.274353968910873,18.80823587998748
MPPI,16,-0.17835116386413574,1.0,1.0,6.578428742242977,6.578428742242977,6.578428742242977,37.80721197836101
MPPI,17,-0.1502103954553604,1.0,1.0,6.127981284749694,6.127981284749694,6.127981284749694,26.043611811473966
MPPI,18,-0.15215812623500824,1.0,1.0,6.687933356850408,6.687933356850408,6.687933356850408,36.05803684331477
MPPI,19,-0.14123417437076569,1.0,1.0,6.160373133025132,6.160373133025132,6.160373133025132,18.633008934557438
MPPI,20,-0.1509454995393753,1.0,1.0,6.244577738572843,6.244577738572843,6.244577738572843,19.256279105320573
MPPI,21,-0.30000001192092896,1.0,1.0,6.359885308891535,6.359885308891535,6.359885308891535,54.28167199715972
MPPI,22,-0.1366015523672104,1.0,1.0,6.722871172707528,6.722871172707528,6.722871172707528,32.57920197211206
MPPI,23,-0.15995894372463226,1.0,1.0,6.293857576092705,6.293857576092705,6.293857576092705,24.071458959951997
MPPI,24,-0.13513906300067902,1.0,1.0,6.633539892733097,6.633539892733097,6.633539892733097,19.366702064871788
MPPI,25,-0.16104097664356232,1.0,1.0,6.316638781572692,6.316638781572692,6.316638781572692,19.246533047407866
MPPI,26,-0.038976479321718216,1.0,1.0,5.820975835318677,5.820975835318677,5.820975835318677,19.536755979061127
MPPI,27,-0.1451815962791443,1.0,1.0,6.185510837822221,6.185510837822221,6.185510837822221,18.96320399828255
MPPI,28,-0.1451704353094101,1.0,1.0,6.694828116800636,6.694828116800636,6.694828116800636,18.546886974945664
MPPI,29,-0.15097534656524658,1.0,1.0,6.2363584857666865,6.2363584857666865,6.2363584857666865,18.60854891128838
MPPI,30,-0.1430232971906662,1.0,1.0,6.127014994970523,6.127014994970523,6.127014994970523,18.821573117747903
MPPI,31,-0.15827634930610657,1.0,1.0,6.339489195263013,6.339489195263013,6.339489195263013,19.25817085430026
MPPI,32,-0.15822124481201172,1.0,1.0,6.226259739371017,6.226259739371017,6.226259739371017,20.01827908679843
MPPI,33,-0.15878213942050934,1.0,1.0,6.284092201967724,6.284092201967724,6.284092201967724,18.58868612907827
MPPI,34,-0.15491463243961334,1.0,1.0,6.460542508400977,6.460542508400977,6.460542508400977,26.059051975607872
MPPI,35,-0.15789927542209625,1.0,1.0,6.233322075684555,6.233322075684555,6.233322075684555,21.5278088580817
MPPI,36,-0.15554535388946533,1.0,1.0,6.2997120168292895,6.2997120168292895,6.2997120168292895,18.772999988868833
MPPI,37,-0.30000001192092896,1.0,1.0,6.516649561817758,6.516649561817758,6.516649561817758,34.76654808036983
MPPI,38,-0.24766942858695984,1.0,1.0,6.681100776651874,6.681100776651874,6.681100776651874,24.19717889279127
MPPI,39,-0.14949434995651245,1.0,1.0,6.2220752676948905,6.2220752676948905,6.2220752676948905,18.672290025278926
MPPI,40,-0.19424854218959808,1.0,1.0,6.1870068843709305,6.1870068843709305,6.1870068843709305,19.11998982541263
MPPI,41,-0.13382858037948608,1.0,1.0,6.525335556943901,6.525335556943901,6.525335556943901,18.49746098741889
MPPI,42,-0.30000001192092896,1.0,1.0,6.442472167080268,6.442472167080268,6.442472167080268,25.294292019680142
MPPI,43,-0.17900456488132477,1.0,1.0,6.299981897580437,6.299981897580437,6.299981897580437,19.074610900133848
MPPI,44,-0.15272890031337738,1.0,1.0,6.298271115985699,6.298271115985699,6.298271115985699,29.99446215108037
MPPI,45,-0.15089105069637299,1.0,1.0,6.66354476637207,6.66354476637207,6.66354476637207,19.57341399975121
MPPI,46,-0.16787390410900116,1.0,1.0,6.302503416663967,6.302503416663967,6.302503416663967,20.442563109099865
MPPI,47,-0.13662871718406677,1.0,1.0,6.198189885006286,6.198189885006286,6.198189885006286,36.60103213042021
MPPI,48,-0.016666527837514877,1.0,1.0,6.320853574201465,6.320853574201465,6.320853574201465,19.27556679584086
MPPI,49,-0.15745781362056732,1.0,1.0,6.128512239316478,6.128512239316478,6.128512239316478,18.78209598362446
MPPI,50,-0.1563568115234375,1.0,1.0,6.151601724559441,6.151601724559441,6.151601724559441,18.803963204845786
MPPI,51,-0.1530415415763855,1.0,1.0,6.188658086466603,6.188658086466603,6.188658086466603,23.645197972655296
MPPI,52,-0.1565200686454773,1.0,1.0,6.12246969237458,6.12246969237458,6.12246969237458,18.570227082818747
MPPI,53,-0.14544367790222168,1.0,1.0,6.60951511701569,6.60951511701569,6.60951511701569,18.42380501329899
MPPI,54,-0.16230526566505432,1.0,1.0,6.48712267074734,6.48712267074734,6.48712267074734,21.99478494003415
MPPI,55,-0.016158809885382652,1.0,1.0,5.934813624480739,5.934813624480739,5.934813624480739,24.34958005324006
MPPI,56,-0.1307559460401535,1.0,1.0,6.626383611815982,6.626383611815982,6.626383611815982,18.56704312376678
MPPI,57,-0.1523808091878891,1.0,1.0,6.160798035911284,6.160798035911284,6.160798035911284,26.91894699819386
MPPI,58,-0.15462636947631836,1.0,1.0,6.127876706537791,6.127876706537791,6.127876706537791,34.05623300932348
MPPI,59,-0.15613605082035065,1.0,1.0,6.333391257212497,6.333391257212497,6.333391257212497,18.915312830358744
MPPI,60,-0.16489197313785553,1.0,1.0,6.305748189799488,6.305748189799488,6.305748189799488,19.565484020859003
MPPI,61,-0.04594523459672928,1.0,1.0,6.2056224485859275,6.2056224485859275,6.2056224485859275,28.18118082359433
MPPI,62,-0.14294669032096863,1.0,1.0,6.391330898622982,6.391330898622982,6.391330898622982,18.835560884326696
MPPI,63,-0.14816763997077942,1.0,1.0,6.2665200845804065,6.2665200845804065,6.2665200845804065,25.419338140636683
MPPI,64,-0.14645960927009583,1.0,1.0,6.203866046969779,6.203866046969779,6.203866046969779,32.3349148966372
MPPI,65,-0.2839623987674713,1.0,1.0,6.281760718324222,6.281760718324222,6.281760718324222,18.929067067801952
MPPI,66,-0.15221337974071503,1.0,1.0,6.1918098230380565,6.1918098230380565,6.1918098230380565,18.66460801102221
MPPI,67,-0.15404614806175232,1.0,1.0,6.217097024200484,6.217097024200484,6.217097024200484,18.522900063544512
MPPI,68,-0.1557251214981079,1.0,1.0,6.2988676954992115,6.2988676954992115,6.2988676954992115,18.569181906059384
MPPI,69,-0.14970366656780243,1.0,1.0,6.284033386502415,6.284033386502415,6.284033386502415,18.901729956269264
MPPI,70,-0.16357102990150452,1.0,1.0,6.358771382132545,6.358771382132545,6.358771382132545,26.44650498405099
MPPI,71,-0.15689606964588165,1.0,1.0,6.415466793929227,6.415466793929227,6.415466793929227,19.36739101074636
MPPI,72,-0.17310859262943268,1.0,1.0,6.525502584292553,6.525502584292553,6.525502584292553,19.578987965360284
MPPI,73,-0.15501058101654053,1.0,1.0,6.329325175029226,6.329325175029226,6.329325175029226,19.03956802561879
MPPI,74,-0.14803457260131836,1.0,1.0,6.149497220176272,6.149497220176272,6.149497220176272,18.46822095103562
MPPI,75,-0.15430501103401184,1.0,1.0,6.295997150824405,6.295997150824405,6.295997150824405,18.81339098326862
MPPI,76,-0.15641993284225464,1.0,1.0,6.412322887219489,6.412322887219489,6.412322887219489,18.499982077628374
MPPI,77,-0.14864476025104523,1.0,1.0,6.31142464664299,6.31142464664299,6.31142464664299,19.026475958526134
MPPI,78,-0.1474442481994629,1.0,1.0,6.284719351213425,6.284719351213425,6.284719351213425,32.321033999323845
MPPI,79,-0.1596500426530838,1.0,1.0,6.190015106461942,6.190015106461942,6.190015106461942,21.815596846863627
MPPI,80,-0.1478804498910904,1.0,1.0,6.200736069004051,6.200736069004051,6.200736069004051,25.334246922284365
MPPI,81,-0.16266818344593048,1.0,1.0,6.711855099769309,6.711855099769309,6.711855099769309,18.99596699513495
MPPI,82,-0.15035122632980347,1.0,1.0,6.311596299288794,6.311596299288794,6.311596299288794,20.011537009850144
MPPI,83,-0.13855980336666107,1.0,1.0,6.529209102969617,6.529209102969617,6.529209102969617,29.11845501512289
MPPI,84,-0.15305396914482117,1.0,1.0,6.245344787253998,6.245344787253998,6.245344787253998,18.445360008627176
MPPI,85,-0.15933284163475037,1.0,1.0,6.32284789532423,6.32284789532423,6.32284789532423,18.423324916511774
MPPI,86,-0.14408573508262634,1.0,1.0,6.147125402349047,6.147125402349047,6.147125402349047,27.214634930714965
MPPI,87,-0.15052656829357147,1.0,1.0,6.276311678462662,6.276311678462662,6.276311678462662,20.809450885280967
MPPI,88,-0.21455013751983643,1.0,1.0,6.417828068952076,6.417828068952076,6.417828068952076,18.7192028388381
MPPI,89,-0.14290043711662292,1.0,1.0,6.139542781049386,6.139542781049386,6.139542781049386,19.879973959177732
MPPI,90,-0.14189529418945312,1.0,1.0,6.816801294917241,6.816801294917241,6.816801294917241,21.1791240144521
MPPI,91,-0.15372464060783386,1.0,1.0,6.200799660990015,6.200799660990015,6.200799660990015,34.47009320370853
MPPI,92,-0.14231756329536438,1.0,1.0,6.705861490103416,6.705861490103416,6.705861490103416,18.456828081980348
MPPI,93,-0.14614543318748474,1.0,1.0,6.21848993957974,6.21848993957974,6.21848993957974,34.322331892326474
MPPI,94,-0.26783546805381775,1.0,1.0,6.401717318804003,6.401717318804003,6.401717318804003,18.694495083764195
MPPI,95,-0.020123431459069252,1.0,1.0,5.898637077189051,5.898637077189051,5.898637077189051,20.89986391365528
MPPI,96,-0.30000001192092896,1.0,1.0,6.549466345226392,6.549466345226392,6.549466345226392,19.31314100511372
MPPI,97,-0.15341873466968536,1.0,1.0,6.2250943194376305,6.2250943194376305,6.2250943194376305,19.33323498815298
MPPI,98,-0.15491724014282227,1.0,1.0,6.5070488806813955,6.5070488806813955,6.5070488806813955,20.09149407967925
MPPI,99,-0.145695298910141,1.0,1.0,6.301652594003826,6.301652594003826,6.301652594003826,18.422622000798583
RAMPPI,0,0.0685952678322792,0.0,0.0,6.652735082898289,6.652735082898289,6.652735082898289,25.616744067519903
RAMPPI,1,0.00897078774869442,0.0,0.0,6.5923931553261355,6.5923931553261355,6.5923931553261355,19.11265798844397
RAMPPI,2,0.09663399308919907,0.0,0.0,6.580476907547563,6.580476907547563,6.580476907547563,19.142878940328956
RAMPPI,3,0.024098962545394897,0.0,0.0,6.660245128907263,6.660245128907263,6.660245128907263,19.471018109470606
RAMPPI,4,0.10340335220098495,0.0,0.0,6.694616689230315,6.694616689230315,6.694616689230315,18.558891024440527
RAMPPI,5,0.07601838558912277,0.0,0.0,6.715939292218536,6.715939292218536,6.715939292218536,19.038420170545578
RAMPPI,6,-0.14390040934085846,1.0,1.0,7.172082787728868,7.172082787728868,7.172082787728868,19.407325889915228
RAMPPI,7,-0.11053173243999481,1.0,1.0,7.170533993048593,7.170533993048593,7.170533993048593,29.456380056217313
RAMPPI,8,0.07077672332525253,0.0,0.0,6.498171545797959,6.498171545797959,6.498171545797959,19.265662180259824
RAMPPI,9,0.05911228060722351,0.0,0.0,6.781637773616239,6.781637773616239,6.781637773616239,19.149546045809984
RAMPPI,10,-0.11199571937322617,1.0,1.0,7.205511095933616,7.205511095933616,7.205511095933616,19.146602135151625
RAMPPI,11,0.10463336110115051,0.0,0.0,6.740163674112409,6.740163674112409,6.740163674112409,19.342451123520732
RAMPPI,12,0.07052285224199295,0.0,0.0,6.651321789599024,6.651321789599024,6.651321789599024,19.22639412805438
RAMPPI,13,-0.11415810137987137,1.0,1.0,6.6746354846982285,6.6746354846982285,6.6746354846982285,19.738259026780725
RAMPPI,14,-0.12212219089269638,1.0,1.0,7.320739177404903,7.320739177404903,7.320739177404903,19.433267880231142
RAMPPI,15,0.11168254911899567,0.0,0.0,6.6808712255442515,6.6808712255442515,6.6808712255442515,27.50182501040399
RAMPPI,16,-0.30000001192092896,1.0,1.0,6.810727795003913,6.810727795003913,6.810727795003913,19.84207099303603
RAMPPI,17,0.048525430262088776,0.0,0.0,6.802615787717514,6.802615787717514,6.802615787717514,19.54894093796611
RAMPPI,18,0.04378019645810127,0.0,0.0,6.632587042637169,6.632587042637169,6.632587042637169,19.116798881441355
RAMPPI,19,-0.08617375046014786,1.0,1.0,6.665954959229566,6.665954959229566,6.665954959229566,20.014496985822916
RAMPPI,20,-0.021727504208683968,1.0,1.0,7.2091226185439155,7.2091226185439155,7.2091226185439155,19.186408957466483
RAMPPI,21,-0.007797058206051588,1.0,1.0,7.050241970689967,7.050241970689967,7.050241970689967,25.374276097863913
RAMPPI,22,-0.10097569972276688,1.0,1.0,7.282494114595465,7.282494114595465,7.282494114595465,39.05925084836781
RAMPPI,23,-0.05372599512338638,1.0,1.0,6.607999874511734,6.607999874511734,6.607999874511734,19.21008713543415
RAMPPI,24,0.15425138175487518,0.0,0.0,6.801081545301713,6.801081545301713,6.801081545301713,20.464044995605946
RAMPPI,25,0.10412314534187317,0.0,0.0,6.655596844851971,6.655596844851971,6.655596844851971,19.29540210403502
RAMPPI,26,0.03301446512341499,0.0,0.0,6.656053354847245,6.656053354847245,6.656053354847245,19.434978952631354
RAMPPI,27,0.15046213567256927,0.0,0.0,6.7626063948264346,6.7626063948264346,6.7626063948264346,19.3339919205755
RAMPPI,28,-0.09234318137168884,1.0,1.0,7.668867961503565,7.668867961503565,7.668867961503565,19.613771932199597
RAMPPI,29,0.09950904548168182,0.0,0.0,6.551167271449231,6.551167271449231,6.551167271449231,19.2111749202013
RAMPPI,30,0.050222210586071014,0.0,0.0,6.778652969747782,6.778652969747782,6.778652969747782,18.903154879808426
RAMPPI,31,0.1276952028274536,0.0,0.0,6.686142120161094,6.686142120161094,6.686142120161094,19.746317993849516
RAMPPI,32,-0.1897459775209427,1.0,1.0,7.064064299105667,7.064064299105667,7.064064299105667,19.393610069528222
RAMPPI,33,-0.30000001192092896,1.0,1.0,7.00737604405731,7.00737604405731,7.00737604405731,29.932335950434208
RAMPPI,34,-0.13421383500099182,1.0,1.0,7.032002345891669,7.032002345891669,7.032002345891669,19.836249062791467
RAMPPI,35,0.05870860442519188,0.0,0.0,6.517908641486429,6.517908641486429,6.517908641486429,29.42517795599997
RAMPPI,36,-0.10173631459474564,1.0,1.0,7.335889900918119,7.335889900918119,7.335889900918119,19.231768092140555
RAMPPI,37,0.054778337478637695,0.0,0.0,6.807835099170916,6.807835099170916,6.807835099170916,24.524600943550467
RAMPPI,38,-0.10563990473747253,1.0,1.0,7.5093903915258124,7.5093903915258124,7.5093903915258124,19.28213401697576
RAMPPI,39,-0.11657413840293884,1.0,1.0,7.015232237870805,7.015232237870805,7.015232237870805,20.976318046450615
RAMPPI,40,-0.11730049550533295,1.0,1.0,7.403985174722038,7.403985174722038,7.403985174722038,19.538984866812825
RAMPPI,41,-0.30000001192092896,1.0,1.0,7.685856806114316,7.685856806114316,7.685856806114316,19.241297151893377
RAMPPI,42,-0.07748890668153763,1.0,1.0,7.240607723710127,7.240607723710127,7.240607723710127,19.223717972636223
RAMPPI,43,0.12159021198749542,0.0,0.0,6.700045467237942,6.700045467237942,6.700045467237942,19.747847924008965
RAMPPI,44,-0.26460695266723633,1.0,1.0,6.914156211074442,6.914156211074442,6.914156211074442,19.929840927943587
RAMPPI,45,-0.18211814761161804,1.0,1.0,7.4256635087076575,7.4256635087076575,7.4256635087076575,19.28296498954296
RAMPPI,46,-0.13858990371227264,1.0,1.0,7.080872060614638,7.080872060614638,7.080872060614638,27.039411012083292
RAMPPI,47,0.007253482472151518,0.0,0.0,6.609027169877663,6.609027169877663,6.609027169877663,26.208823081105947
RAMPPI,48,0.0668833777308464,0.0,0.0,6.518641052767634,6.518641052767634,6.518641052767634,19.510644022375345
RAMPPI,49,0.07641518115997314,0.0,0.0,6.505615861038677,6.505615861038677,6.505615861038677,18.99938704445958
RAMPPI,50,-0.11251425743103027,1.0,1.0,7.471745352610014,7.471745352610014,7.471745352610014,18.938650842756033
RAMPPI,51,-0.13371580839157104,1.0,1.0,7.354468648787588,7.354468648787588,7.354468648787588,19.25064600072801
RAMPPI,52,-0.14544710516929626,1.0,1.0,7.239749975153245,7.239749975153245,7.239749975153245,19.24351090565324
RAMPPI,53,-0.1420188695192337,1.0,1.0,7.179708485491574,7.179708485491574,7.179708485491574,19.208412850275636
RAMPPI,54,-0.1335771232843399,1.0,1.0,6.892361963051371,6.892361963051371,6.892361963051371,19.486079923808575
RAMPPI,55,-0.10195345431566238,1.0,1.0,6.685726217576303,6.685726217576303,6.685726217576303,32.37311798147857
RAMPPI,56,-0.12415031343698502,1.0,1.0,7.241520183975808,7.241520183975808,7.241520183975808,19.22504510730505
RAMPPI,57,0.06845265626907349,0.0,0.0,6.5900432945927605,6.5900432945927605,6.5900432945927605,24.631133070215583
RAMPPI,58,-0.0934879407286644,1.0,1.0,7.085627372027375,7.085627372027375,7.085627372027375,25.19638300873339
RAMPPI,59,-0.11672622710466385,1.0,1.0,7.223001432372257,7.223001432372257,7.223001432372257,19.899795996025205
RAMPPI,60,0.11477163434028625,0.0,0.0,6.632520230021328,6.632520230021328,6.632520230021328,19.284778041765094
RAMPPI,61,-0.11376580595970154,1.0,1.0,7.20267104357481,7.20267104357481,7.20267104357481,19.652550108730793
RAMPPI,62,-0.1259099841117859,1.0,1.0,7.007093386841007,7.007093386841007,7.007093386841007,19.854754908010364
RAMPPI,63,0.0931827500462532,0.0,0.0,6.6184768420644104,6.6184768420644104,6.6184768420644104,24.81994079425931
RAMPPI,64,0.04459144547581673,0.0,0.0,7.024609100888483,7.024609100888483,7.024609100888483,18.998112063854933
RAMPPI,65,0.06135942041873932,0.0,0.0,6.618229231913574,6.618229231913574,6.618229231913574,19.075216026976705
RAMPPI,66,0.08121510595083237,0.0,0.0,6.512273621628992,6.512273621628992,6.512273621628992,19.527951953932643
RAMPPI,67,-0.13975775241851807,1.0,1.0,7.259371463092975,7.259371463092975,7.259371463092975,19.971030997112393
RAMPPI,68,-0.11896524578332901,1.0,1.0,6.317927618976682,6.317927618976682,6.317927618976682,29.665865004062653
RAMPPI,69,-0.08984430879354477,1.0,1.0,7.333564754691906,7.333564754691906,7.333564754691906,39.96580792590976
RAMPPI,70,0.04772687330842018,0.0,0.0,6.431594501482323,6.431594501482323,6.431594501482323,19.176159985363483
RAMPPI,71,-0.03753960505127907,1.0,1.0,6.002808576216921,6.002808576216921,6.002808576216921,21.76468796096742
RAMPPI,72,0.06709004938602448,0.0,0.0,6.582922341651283,6.582922341651283,6.582922341651283,18.970682984218
RAMPPI,73,0.09361815452575684,0.0,0.0,6.580315084196627,6.580315084196627,6.580315084196627,19.019072176888585
RAMPPI,74,0.04064873233437538,0.0,0.0,6.7630489392904565,6.7630489392904565,6.7630489392904565,19.711318891495466
RAMPPI,75,-0.08026987314224243,1.0,1.0,6.457175734569319,6.457175734569319,6.457175734569319,35.94637685455382
RAMPPI,76,-0.14788196980953217,1.0,1.0,7.057052374817431,7.057052374817431,7.057052374817431,24.740027030929923
RAMPPI,77,-0.11496126651763916,1.0,1.0,7.485896659665741,7.485896659665741,7.485896659665741,23.69114593602717
RAMPPI,78,0.08903723210096359,0.0,0.0,6.681241208221763,6.681241208221763,6.681241208221763,24.89474811591208
RAMPPI,79,-0.09835168719291687,1.0,1.0,7.030428884434514,7.030428884434514,7.030428884434514,27.723744977265596
RAMPPI,80,-0.004643255844712257,1.0,1.0,6.498199653578922,6.498199653578922,6.498199653578922,25.803589029237628
RAMPPI,81,-0.09333565831184387,1.0,1.0,7.259115804103203,7.259115804103203,7.259115804103203,20.117645151913166
RAMPPI,82,-0.10072679072618484,1.0,1.0,6.6837815046310425,6.6837815046310425,6.6837815046310425,48.151064896956086
RAMPPI,83,-0.08760610967874527,1.0,1.0,7.190742184408009,7.190742184408009,7.190742184408009,19.59917601197958
RAMPPI,84,-0.30000001192092896,1.0,1.0,7.564492222853005,7.564492222853005,7.564492222853005,18.728973111137748
RAMPPI,85,0.08021900057792664,0.0,0.0,6.7177781640784815,6.7177781640784815,6.7177781640784815,19.028943963348866
RAMPPI,86,0.04664144665002823,0.0,0.0,6.651353205554187,6.651353205554187,6.651353205554187,20.96841810271144
RAMPPI,87,-0.10630404204130173,1.0,1.0,7.307726735132746,7.307726735132746,7.307726735132746,20.656937966123223
RAMPPI,88,0.0995500460267067,0.0,0.0,6.607246683561243,6.607246683561243,6.607246683561243,31.63385600782931
RAMPPI,89,-0.12657299637794495,1.0,1.0,7.320876109995879,7.320876109995879,7.320876109995879,19.287287024781108
RAMPPI,90,0.13658034801483154,0.0,0.0,6.677671055775136,6.677671055775136,6.677671055775136,24.04973516240716
RAMPPI,91,-0.1252003312110901,1.0,1.0,7.408476365846582,7.408476365846582,7.408476365846582,20.29011002741754
RAMPPI,92,0.036037709563970566,0.0,0.0,6.7256558168446645,6.7256558168446645,6.7256558168446645,19.010586896911263
RAMPPI,93,-0.12719053030014038,1.0,1.0,7.1129762241616845,7.1129762241616845,7.1129762241616845,19.41530592739582
RAMPPI,94,0.07019542902708054,0.0,0.0,6.72989712911658,6.72989712911658,6.72989712911658,19.30739893577993
RAMPPI,95,-0.06080854684114456,1.0,1.0,6.9729509328026325,6.9729509328026325,6.9729509328026325,18.9567890483886
RAMPPI,96,0.03840538486838341,0.0,0.0,7.0280771993566304,7.0280771993566304,7.0280771993566304,18.917570123448968
RAMPPI,97,-0.06322111934423447,1.0,1.0,6.980443939217366,6.980443939217366,6.980443939217366,18.914761021733284
RAMPPI,98,0.08210346102714539,0.0,0.0,6.588084710645489,6.588084710645489,6.588084710645489,23.795746034011245
RAMPPI,99,-0.22230501472949982,1.0,1.0,7.226083418005146,7.226083418005146,7.226083418005146,22.845448926091194
DRMPPI,0,0.3865850865840912,0.0,0.0,7.597931514494121,7.597931514494121,7.597931514494121,19.16565396822989
DRMPPI,1,0.3320555090904236,0.0,0.0,7.928216599859297,7.928216599859297,7.928216599859297,19.298127153888345
DRMPPI,2,0.3965739905834198,0.0,0.0,7.97954152233433,7.97954152233433,7.97954152233433,19.602800952270627
DRMPPI,3,0.42731595039367676,0.0,0.0,7.550779239973053,7.550779239973053,7.550779239973053,19.739611074328423
DRMPPI,4,0.3377608060836792,0.0,0.0,7.6208135288907215,7.6208135288907215,7.6208135288907215,19.48340702801943
DRMPPI,5,1.1671233177185059,0.0,0.0,6.691402685828507,6.691402685828507,6.691402685828507,19.1314029507339
DRMPPI,6,0.31877538561820984,0.0,0.0,7.339566699345596,7.339566699345596,7.339566699345596,19.651463022455573
DRMPPI,7,0.30100545287132263,0.0,0.0,7.5716441221302375,7.5716441221302375,7.5716441221302375,19.612975884228945
DRMPPI,8,0.3157351016998291,0.0,0.0,7.337238484644331,7.337238484644331,7.337238484644331,19.403634127229452
DRMPPI,9,0.3822081685066223,0.0,0.0,7.686727407039143,7.686727407039143,7.686727407039143,20.491765113547444
DRMPPI,10,0.32493194937705994,0.0,0.0,8.089763060910627,8.089763060910627,8.089763060910627,19.33423290029168
DRMPPI,11,0.3561657965183258,0.0,0.0,7.909799809800461,7.909799809800461,7.909799809800461,19.611547933891416
DRMPPI,12,0.44940242171287537,0.0,0.0,7.6596459484426305,7.6596459484426305,7.6596459484426305,19.253004109486938
DRMPPI,13,0.37656155228614807,0.0,0.0,7.6207759050885215,7.6207759050885215,7.6207759050885215,19.11995396949351
DRMPPI,14,0.3246835172176361,0.0,0.0,8.10506521188654,8.10506521188654,8.10506521188654,19.196741981431842
DRMPPI,15,0.3553611636161804,0.0,0.0,7.817272033425979,7.817272033425979,7.817272033425979,25.42477217502892
DRMPPI,16,0.38336649537086487,0.0,0.0,7.513893314870074,7.513893314870074,7.513893314870074,19.423929043114185
DRMPPI,17,0.38257768750190735,0.0,0.0,7.509529915638268,7.509529915638268,7.509529915638268,19.50603793375194
DRMPPI,18,0.38391080498695374,0.0,0.0,7.26561062107794,7.26561062107794,7.26561062107794,19.501453964039683
DRMPPI,19,0.3478408753871918,0.0,0.0,7.830853299587034,7.830853299587034,7.830853299587034,27.402422158047557
DRMPPI,20,0.7689735889434814,0.0,0.0,9.213732446311042,9.213732446311042,9.213732446311042,33.056274987757206
DRMPPI,21,0.3658667504787445,0.0,0.0,7.44920292601455,7.44920292601455,7.44920292601455,35.93366197310388
DRMPPI,22,0.3136932849884033,0.0,0.0,8.084255110938102,8.084255110938102,8.084255110938102,39.12696288898587
DRMPPI,23,0.31704768538475037,0.0,0.0,7.568947773776017,7.568947773776017,7.568947773776017,20.19496401771903
DRMPPI,24,0.37249523401260376,0.0,0.0,7.58357118233107,7.58357118233107,7.58357118233107,22.076884051784873
DRMPPI,25,1.178226113319397,0.0,0.0,6.812689943239093,6.812689943239093,6.812689943239093,19.30173602886498
DRMPPI,26,0.30940088629722595,0.0,0.0,7.381737136049196,7.381737136049196,7.381737136049196,19.513124134391546
DRMPPI,27,0.2799384593963623,0.0,0.0,7.803093784721568,7.803093784721568,7.803093784721568,34.81751983053982
DRMPPI,28,0.34589558839797974,0.0,0.0,8.48775942705106,8.48775942705106,8.48775942705106,19.25120293162763
DRMPPI,29,0.3484915494918823,0.0,0.0,7.83253287919797,7.83253287919797,7.83253287919797,19.311594078317285
DRMPPI,30,0.2747160792350769,0.0,0.0,7.712713547400199,7.712713547400199,7.712713547400199,24.827965069562197
DRMPPI,31,1.168637752532959,0.0,0.0,6.876997104147449,6.876997104147449,6.876997104147449,19.397733034566045
DRMPPI,32,0.34011125564575195,0.0,0.0,7.481331803021021,7.481331803021021,7.481331803021021,20.302006974816322
DRMPPI,33,0.2997731566429138,0.0,0.0,7.779414968797937,7.779414968797937,7.779414968797937,19.622575026005507
DRMPPI,34,0.42274537682533264,0.0,0.0,7.664912579697557,7.664912579697557,7.664912579697557,27.205504942685366
DRMPPI,35,0.30988189578056335,0.0,0.0,7.502913978067227,7.502913978067227,7.502913978067227,20.677590975537896
DRMPPI,36,0.40488919615745544,0.0,0.0,7.444935902603902,7.444935902603902,7.444935902603902,22.81039208173752
DRMPPI,37,0.3575335443019867,0.0,0.0,7.219617966213264,7.219617966213264,7.219617966213264,20.692721009254456
DRMPPI,38,0.32780465483665466,0.0,0.0,7.440642674104311,7.440642674104311,7.440642674104311,23.658724036067724
DRMPPI,39,0.32052847743034363,0.0,0.0,7.418305933475494,7.418305933475494,7.418305933475494,22.466587834060192
DRMPPI,40,0.40029826760292053,0.0,0.0,8.37310089415405,8.37310089415405,8.37310089415405,24.51380412094295
DRMPPI,41,0.34971925616264343,0.0,0.0,7.565056984429248,7.565056984429248,7.565056984429248,19.698271062225103
DRMPPI,42,0.3784727454185486,0.0,0.0,7.909009755006991,7.909009755006991,7.909009755006991,20.26084205135703
DRMPPI,43,0.0548720620572567,0.0,0.0,8.862071799812838,8.862071799812838,8.862071799812838,19.48031992651522
DRMPPI,44,0.3753419816493988,0.0,0.0,7.594502852647565,7.594502852647565,7.594502852647565,19.349212991073728
DRMPPI,45,0.3513278067111969,0.0,0.0,7.442747471854091,7.442747471854091,7.442747471854091,19.577799830585718
DRMPPI,46,1.1191884279251099,0.0,0.0,6.991512332577258,6.991512332577258,6.991512332577258,31.578487949445844
DRMPPI,47,1.1343685388565063,0.0,0.0,6.943059338955209,6.943059338955209,6.943059338955209,19.683710066601634
DRMPPI,48,0.34361323714256287,0.0,0.0,7.599842718336731,7.599842718336731,7.599842718336731,19.471931969746947
DRMPPI,49,0.34754422307014465,0.0,0.0,7.651499743224122,7.651499743224122,7.651499743224122,24.304687045514584
DRMPPI,50,0.4281759560108185,0.0,0.0,7.541467878734693,7.541467878734693,7.541467878734693,19.32714506983757
DRMPPI,51,0.3822624087333679,0.0,0.0,7.503376119071618,7.503376119071618,7.503376119071618,42.355988873168826
DRMPPI,52,1.1074676513671875,0.0,0.0,6.762006854405627,6.762006854405627,6.762006854405627,21.420910023152828
DRMPPI,53,0.336134672164917,0.0,0.0,7.622534053050913,7.622534053050913,7.622534053050913,19.202303141355515
DRMPPI,54,0.39796215295791626,0.0,0.0,7.524438194464892,7.524438194464892,7.524438194464892,29.168446781113744
DRMPPI,55,1.1773436069488525,0.0,0.0,6.908906744327396,6.908906744327396,6.908906744327396,24.13424593396485
DRMPPI,56,0.3404301404953003,0.0,0.0,7.764661849942058,7.764661849942058,7.764661849942058,23.092611925676465
DRMPPI,57,0.34182408452033997,0.0,0.0,8.075139569118619,8.075139569118619,8.075139569118619,30.154448002576828
DRMPPI,58,0.3066904842853546,0.0,0.0,8.06055252358783,8.06055252358783,8.06055252358783,28.559794183820486
DRMPPI,59,0.3286559283733368,0.0,0.0,7.9744245102629066,7.9744245102629066,7.9744245102629066,20.447578048333526
DRMPPI,60,0.3349895477294922,0.0,0.0,7.404602097696625,7.404602097696625,7.404602097696625,20.592652028426528
DRMPPI,61,0.3714880347251892,0.0,0.0,7.790496830479242,7.790496830479242,7.790496830479242,30.151934130117297
DRMPPI,62,0.3990018665790558,0.0,0.0,7.546737216413021,7.546737216413021,7.546737216413021,19.00688698515296
DRMPPI,63,0.3702358603477478,0.0,0.0,8.013945998740382,8.013945998740382,8.013945998740382,19.638814963400364
DRMPPI,64,0.32341280579566956,0.0,0.0,7.766917711007409,7.766917711007409,7.766917711007409,19.338442012667656
DRMPPI,65,0.32903674244880676,0.0,0.0,7.72731621353887,7.72731621353887,7.72731621353887,20.10116004385054
DRMPPI,66,1.1383005380630493,0.0,0.0,6.712864565197378,6.712864565197378,6.712864565197378,19.06808582134545
DRMPPI,67,0.3345521092414856,0.0,0.0,7.506995850009844,7.506995850009844,7.506995850009844,19.40072886645794
DRMPPI,68,1.1574127674102783,0.0,0.0,6.877714718459174,6.877714718459174,6.877714718459174,19.773046020418406
DRMPPI,69,0.3933308720588684,0.0,0.0,7.331802921136841,7.331802921136841,7.331802921136841,19.64020705781877
DRMPPI,70,0.3555673658847809,0.0,0.0,7.73310960480012,7.73310960480012,7.73310960480012,19.84439790248871
DRMPPI,71,0.3903026580810547,0.0,0.0,7.589299586135894,7.589299586135894,7.589299586135894,27.779512107372284
DRMPPI,72,0.43427810072898865,0.0,0.0,8.068548801005818,8.068548801005818,8.068548801005818,19.30417795665562
DRMPPI,73,0.3860757350921631,0.0,0.0,7.656001283437945,7.656001283437945,7.656001283437945,20.329522900283337
DRMPPI,74,0.3830513060092926,0.0,0.0,7.437877099611796,7.437877099611796,7.437877099611796,18.977117026224732
DRMPPI,75,0.33526670932769775,0.0,0.0,7.723062803503126,7.723062803503126,7.723062803503126,20.386403892189264
DRMPPI,76,1.1392320394515991,0.0,0.0,6.8429649425670505,6.8429649425670505,6.8429649425670505,27.72504696622491
DRMPPI,77,0.29214999079704285,0.0,0.0,7.891113919438794,7.891113919438794,7.891113919438794,30.03905201330781
DRMPPI,78,0.36342477798461914,0.0,0.0,7.4719536086777225,7.4719536086777225,7.4719536086777225,24.712037993595004
DRMPPI,79,0.365759015083313,0.0,0.0,7.744538346887566,7.744538346887566,7.744538346887566,27.79307682067156
DRMPPI,80,0.39476436376571655,0.0,0.0,7.482588064391166,7.482588064391166,7.482588064391166,25.727448984980583
DRMPPI,81,0.3598899245262146,0.0,0.0,7.376942565548234,7.376942565548234,7.376942565548234,19.29238298907876
DRMPPI,82,0.3893675208091736,0.0,0.0,7.6966355461627245,7.6966355461627245,7.6966355461627245,36.79085406474769
DRMPPI,83,0.2621815800666809,0.0,0.0,7.54601448145695,7.54601448145695,7.54601448145695,19.39486595802009
DRMPPI,84,0.4337504506111145,0.0,0.0,7.247729821479879,7.247729821479879,7.247729821479879,19.30710393935442
DRMPPI,85,0.37450501322746277,0.0,0.0,7.659244251670316,7.659244251670316,7.659244251670316,19.31263506412506
DRMPPI,86,0.393166184425354,0.0,0.0,7.553959432756528,7.553959432756528,7.553959432756528,24.70225188881159
DRMPPI,87,1.1583906412124634,0.0,0.0,6.864934996934608,6.864934996934608,6.864934996934608,31.091901008039713
DRMPPI,88,0.3923233449459076,0.0,0.0,7.728845920064487,7.728845920064487,7.728845920064487,19.461376825347543
DRMPPI,89,0.435512900352478,0.0,0.0,7.347922433167696,7.347922433167696,7.347922433167696,26.205912930890918
DRMPPI,90,0.3647591173648834,0.0,0.0,7.44027204066515,7.44027204066515,7.44027204066515,19.968542968854308
DRMPPI,91,0.3583873510360718,0.0,0.0,7.63416225113906,7.63416225113906,7.63416225113906,28.927900828421116
DRMPPI,92,0.3510316014289856,0.0,0.0,7.954749645432457,7.954749645432457,7.954749645432457,29.955480946227908
DRMPPI,93,0.3535153865814209,0.0,0.0,7.675983424647711,7.675983424647711,7.675983424647711,19.545293180271983
DRMPPI,94,0.3115306496620178,0.0,0.0,7.975906583131291,7.975906583131291,7.975906583131291,19.621090032160282
DRMPPI,95,0.39144366979599,0.0,0.0,7.876501765451394,7.876501765451394,7.876501765451394,19.683858146890998
DRMPPI,96,0.3011488914489746,0.0,0.0,7.56512785947416,7.56512785947416,7.56512785947416,23.426458006724715
DRMPPI,97,1.225197672843933,0.0,0.0,7.240097623551264,7.240097623551264,7.240097623551264,33.295015105977654
DRMPPI,98,1.1543906927108765,0.0,0.0,6.767143622040749,6.767143622040749,6.767143622040749,33.11357204802334
DRMPPI,99,0.28314095735549927,0.0,0.0,7.233331625815481,7.233331625815481,7.233331625815481,19.91810998879373
DRAMPPI,0,0.1513092964887619,0.0,0.0,5.791012274567038,5.791012274567038,5.791012274567038,67.70515907555819
DRAMPPI,1,-0.03151407092809677,1.0,1.0,6.861219920567237,6.861219920567237,6.861219920567237,67.25792097859085
DRAMPPI,2,0.08133617043495178,0.0,0.0,6.698603959870525,6.698603959870525,6.698603959870525,67.31112510897219
DRAMPPI,3,0.037965353578329086,0.0,0.0,6.892639757599682,6.892639757599682,6.892639757599682,65.40254387073219
DRAMPPI,4,0.11808823049068451,0.0,0.0,5.929503901978023,5.929503901978023,5.929503901978023,66.78648293018341
DRAMPPI,5,0.026969918981194496,0.0,0.0,5.960850516334176,5.960850516334176,5.960850516334176,66.83475291356444
DRAMPPI,6,0.038200292736291885,0.0,0.0,6.623933126102202,6.623933126102202,6.623933126102202,67.00709601864219
DRAMPPI,7,0.17983639240264893,0.0,0.0,5.796456159092486,5.796456159092486,5.796456159092486,67.21976888366044
DRAMPPI,8,0.10015876591205597,0.0,0.0,5.8194212085800245,5.8194212085800245,5.8194212085800245,66.60739588551223
DRAMPPI,9,-0.0862119123339653,1.0,1.0,6.516487920889631,6.516487920889631,6.516487920889631,66.86878111213446
DRAMPPI,10,0.03009987063705921,0.0,0.0,6.831429011304863,6.831429011304863,6.831429011304863,66.60623801872134
DRAMPPI,11,0.026867421343922615,0.0,0.0,6.565208913059905,6.565208913059905,6.565208913059905,66.82763993740082
DRAMPPI,12,0.11109484732151031,0.0,0.0,6.042871053214185,6.042871053214185,6.042871053214185,66.50113011710346
DRAMPPI,13,0.19304971396923065,0.0,0.0,6.056340160779655,6.056340160779655,6.056340160779655,66.91385805606842
DRAMPPI,14,-0.1263272911310196,1.0,1.0,6.676307821297087,6.676307821297087,6.676307821297087,66.92161504179239
DRAMPPI,15,-0.03350096195936203,1.0,1.0,6.627930301008746,6.627930301008746,6.627930301008746,67.77440197765827
DRAMPPI,16,0.07241471111774445,0.0,0.0,5.936541528208181,5.936541528208181,5.936541528208181,77.1592662204057
DRAMPPI,17,0.03050510212779045,0.0,0.0,6.16691295185592,6.16691295185592,6.16691295185592,67.02691689133644
DRAMPPI,18,0.15467071533203125,0.0,0.0,5.941990295425057,5.941990295425057,5.941990295425057,72.79160898178816
DRAMPPI,19,0.17379099130630493,0.0,0.0,5.979774234350771,5.979774234350771,5.979774234350771,67.40082800388336
DRAMPPI,20,0.131977841258049,0.0,0.0,5.944651104626246,5.944651104626246,5.944651104626246,82.65570504590869
DRAMPPI,21,-0.1354902982711792,1.0,1.0,6.875342762679793,6.875342762679793,6.875342762679793,74.19102196581662
DRAMPPI,22,0.1424580067396164,0.0,0.0,5.835584407439455,5.835584407439455,5.835584407439455,66.44695205613971
DRAMPPI,23,0.10667911171913147,0.0,0.0,5.929644349962473,5.929644349962473,5.929644349962473,66.71967287547886
DRAMPPI,24,0.10689650475978851,0.0,0.0,5.953698068507947,5.953698068507947,5.953698068507947,68.55790293775499
DRAMPPI,25,0.1694139689207077,0.0,0.0,5.825272329035215,5.825272329035215,5.825272329035215,78.01182311959565
DRAMPPI,26,-0.046380653977394104,1.0,1.0,6.922005930333398,6.922005930333398,6.922005930333398,67.00268294662237
DRAMPPI,27,0.10304617136716843,0.0,0.0,5.97483376879245,5.97483376879245,5.97483376879245,66.19273289106786
DRAMPPI,28,0.1794099509716034,0.0,0.0,6.181293853675015,6.181293853675015,6.181293853675015,66.40235893428326
DRAMPPI,29,0.147553950548172,0.0,0.0,5.898559926310554,5.898559926310554,5.898559926310554,66.17284286767244
DRAMPPI,30,0.1456407606601715,0.0,0.0,5.912435117177665,5.912435117177665,5.912435117177665,66.46850914694369
DRAMPPI,31,0.013219617307186127,0.0,0.0,6.600519515108317,6.600519515108317,6.600519515108317,70.6960519310087
DRAMPPI,32,0.005077776499092579,0.0,0.0,6.459543704404496,6.459543704404496,6.459543704404496,65.47564594075084
DRAMPPI,33,-0.03469834104180336,1.0,1.0,7.206312595750205,7.206312595750205,7.206312595750205,66.48823199793696
DRAMPPI,34,-0.02001209184527397,1.0,1.0,6.8443533963290974,6.8443533963290974,6.8443533963290974,66.02557399310172
DRAMPPI,35,0.11144223809242249,0.0,0.0,5.933980594039895,5.933980594039895,5.933980594039895,69.32103307917714
DRAMPPI,36,0.10749588161706924,0.0,0.0,5.778833154239692,5.778833154239692,5.778833154239692,68.29421501606703
DRAMPPI,37,0.15318334102630615,0.0,0.0,6.572206891840324,6.572206891840324,6.572206891840324,66.10579090192914
DRAMPPI,38,0.2122756540775299,0.0,0.0,5.915621538995765,5.915621538995765,5.915621538995765,66.4708660915494
DRAMPPI,39,0.06742759793996811,0.0,0.0,5.991477082949132,5.991477082949132,5.991477082949132,66.26943685114384
DRAMPPI,40,-0.09326021373271942,1.0,1.0,6.775861854548566,6.775861854548566,6.775861854548566,67.57507496513426
DRAMPPI,41,-0.11841820925474167,1.0,1.0,6.6394591346615925,6.6394591346615925,6.6394591346615925,66.65565515868366
DRAMPPI,42,0.04012996330857277,0.0,0.0,5.9834712505107746,5.9834712505107746,5.9834712505107746,66.83434988372028
DRAMPPI,43,0.18921707570552826,0.0,0.0,5.943820013781078,5.943820013781078,5.943820013781078,71.00018812343478
DRAMPPI,44,0.09675943851470947,0.0,0.0,5.91479176399298,5.91479176399298,5.91479176399298,67.31960107572377
DRAMPPI,45,0.13453589379787445,0.0,0.0,5.937642297707498,5.937642297707498,5.937642297707498,66.02661311626434
DRAMPPI,46,0.12823869287967682,0.0,0.0,5.932570611592382,5.932570611592382,5.932570611592382,71.03684591129422
DRAMPPI,47,0.12320487946271896,0.0,0.0,5.9003926838049665,5.9003926838049665,5.9003926838049665,66.83991802856326
DRAMPPI,48,0.13689039647579193,0.0,0.0,6.1268535336712375,6.1268535336712375,6.1268535336712375,65.74980518780649
DRAMPPI,49,-0.008352704346179962,1.0,1.0,7.312681536423042,7.312681536423042,7.312681536423042,66.89338898286223
DRAMPPI,50,-0.03406766802072525,1.0,1.0,6.216437785187736,6.216437785187736,6.216437785187736,65.87638705968857
DRAMPPI,51,0.17960494756698608,0.0,0.0,5.857337010093033,5.857337010093033,5.857337010093033,67.27032992057502
DRAMPPI,52,-0.011796053498983383,1.0,1.0,6.9721604528604075,6.9721604528604075,6.9721604528604075,69.15345718152821
DRAMPPI,53,0.13704611361026764,0.0,0.0,5.985536676365882,5.985536676365882,5.985536676365882,66.39044219627976
DRAMPPI,54,0.1889108270406723,0.0,0.0,5.800430572591722,5.800430572591722,5.800430572591722,66.66025286540389
DRAMPPI,55,0.11821965873241425,0.0,0.0,6.198393861064687,6.198393861064687,6.198393861064687,66.0674071405083
DRAMPPI,56,0.040671516209840775,0.0,0.0,6.86698196339421,6.86698196339421,6.86698196339421,66.38012616895139
DRAMPPI,57,0.052808068692684174,0.0,0.0,6.740684751304798,6.740684751304798,6.740684751304798,66.26210501417518
DRAMPPI,58,0.15696705877780914,0.0,0.0,5.998336653923616,5.998336653923616,5.998336653923616,66.36689021252096
DRAMPPI,59,-0.15675801038742065,1.0,1.0,6.892557704821229,6.892557704821229,6.892557704821229,66.80242088623345
DRAMPPI,60,0.14023907482624054,0.0,0.0,5.9111983177717775,5.9111983177717775,5.9111983177717775,66.13671290688217
DRAMPPI,61,0.2017938643693924,0.0,0.0,5.894114949274808,5.894114949274808,5.894114949274808,81.7653969861567
DRAMPPI,62,0.19348585605621338,0.0,0.0,5.850050727138296,5.850050727138296,5.850050727138296,75.3121878951788
DRAMPPI,63,0.1617795079946518,0.0,0.0,6.005920144845732,6.005920144845732,6.005920144845732,66.58670702017844
DRAMPPI,64,0.18120603263378143,0.0,0.0,6.1379866290371865,6.1379866290371865,6.1379866290371865,66.60756096243858
DRAMPPI,65,0.15630406141281128,0.0,0.0,5.980395692051388,5.980395692051388,5.980395692051388,66.34028209373355
DRAMPPI,66,0.08186032623052597,0.0,0.0,5.948623220436275,5.948623220436275,5.948623220436275,65.94855198636651
DRAMPPI,67,-0.059535231441259384,1.0,1.0,6.887325524701737,6.887325524701737,6.887325524701737,66.40753685496747
DRAMPPI,68,0.15650954842567444,0.0,0.0,6.174876562785357,6.174876562785357,6.174876562785357,66.59007514826953
DRAMPPI,69,0.17088836431503296,0.0,0.0,5.822431545704603,5.822431545704603,5.822431545704603,66.88931281678379
DRAMPPI,70,0.20817361772060394,0.0,0.0,5.786363966530189,5.786363966530189,5.786363966530189,66.63520797155797
DRAMPPI,71,0.12066632509231567,0.0,0.0,5.9049706847872585,5.9049706847872585,5.9049706847872585,66.78765686228871
DRAMPPI,72,-0.08639181405305862,1.0,1.0,6.513925610110164,6.513925610110164,6.513925610110164,66.64636009372771
DRAMPPI,73,-0.045242201536893845,1.0,1.0,6.629531544051133,6.629531544051133,6.629531544051133,65.95495902001858
DRAMPPI,74,0.16691096127033234,0.0,0.0,5.947900933912024,5.947900933912024,5.947900933912024,67.14206887409091
DRAMPPI,75,-0.04107165336608887,1.0,1.0,6.780490068369545,6.780490068369545,6.780490068369545,68.1724320165813
DRAMPPI,76,0.02279362827539444,0.0,0.0,6.950534923002124,6.950534923002124,6.950534923002124,83.19414500147104
DRAMPPI,77,0.12248258292675018,0.0,0.0,5.933970916667022,5.933970916667022,5.933970916667022,72.75396608747542
DRAMPPI,78,0.1589815765619278,0.0,0.0,6.315925415488891,6.315925415488891,6.315925415488891,66.39550207182765
DRAMPPI,79,-0.07131217420101166,1.0,1.0,6.8039792876224965,6.8039792876224965,6.8039792876224965,68.03331710398197
DRAMPPI,80,-0.04416639357805252,1.0,1.0,6.762174617731944,6.762174617731944,6.762174617731944,66.49403995834291
DRAMPPI,81,0.1718856692314148,0.0,0.0,5.898336173268035,5.898336173268035,5.898336173268035,70.77627396211028
DRAMPPI,82,0.1515912413597107,0.0,0.0,5.853248720872216,5.853248720872216,5.853248720872216,66.34037219919264
DRAMPPI,83,0.0476163811981678,0.0,0.0,6.102906804531813,6.102906804531813,6.102906804531813,66.13310193642974
DRAMPPI,84,0.12856312096118927,0.0,0.0,5.873694219160825,5.873694219160825,5.873694219160825,65.84615795873106
DRAMPPI,85,0.17019608616828918,0.0,0.0,5.846841396763921,5.846841396763921,5.846841396763921,69.9442729819566
DRAMPPI,86,-0.088298000395298,1.0,1.0,6.790839328197762,6.790839328197762,6.790839328197762,71.0508469492197
DRAMPPI,87,-0.03662136569619179,1.0,1.0,6.633298495784402,6.633298495784402,6.633298495784402,67.092414945364
DRAMPPI,88,-0.07513339817523956,1.0,1.0,6.5639692834811285,6.5639692834811285,6.5639692834811285,66.59367703832686
DRAMPPI,89,0.12077296525239944,0.0,0.0,5.829061295487918,5.829061295487918,5.829061295487918,66.01019506342709
DRAMPPI,90,-0.12218780815601349,1.0,1.0,6.49274098186288,6.49274098186288,6.49274098186288,67.32867006212473
DRAMPPI,91,0.1638164222240448,0.0,0.0,5.852099471841939,5.852099471841939,5.852099471841939,66.93913787603378
DRAMPPI,92,0.13444916903972626,0.0,0.0,5.91413903736975,5.91413903736975,5.91413903736975,66.65330403484404
DRAMPPI,93,0.13703805208206177,0.0,0.0,5.926227322313935,5.926227322313935,5.926227322313935,67.57050706073642
DRAMPPI,94,0.15498439967632294,0.0,0.0,6.004510427475907,6.004510427475907,6.004510427475907,66.59202999435365
DRAMPPI,95,0.1370532363653183,0.0,0.0,6.045507982373238,6.045507982373238,6.045507982373238,66.4448740426451
DRAMPPI,96,0.162723571062088,0.0,0.0,5.986751273856498,5.986751273856498,5.986751273856498,65.93025894835591
DRAMPPI,97,0.19322848320007324,0.0,0.0,6.06630280893296,6.06630280893296,6.06630280893296,66.39793585054576
DRAMPPI,98,0.01565360091626644,0.0,0.0,6.685404003481381,6.685404003481381,6.685404003481381,66.60108384676278
DRAMPPI,99,0.17924818396568298,0.0,0.0,5.837751964689232,5.837751964689232,5.837751964689232,69.77126188576221
