id,frame,t,x,y,v,phi,phi_dot,a
40,271,10.8,56.50,89.00,19.681740839203,-1.570796326795,0,-0.000000000009
40,272,10.84,56.50,88.21,19.681740839203,-1.570796326795,-0,-0.000000000008
40,273,10.88,56.50,87.43,19.681740839202,-1.570796326795,0,-0
40,274,10.92,56.50,86.64,19.681740839203,-1.570796326795,-0,0.000000000009
40,275,10.96,56.50,85.85,19.681740839203,-1.570796326795,0,0.000000000003
40,276,11,56.50,85.06,19.681740839203,-1.570796326795,-0,-0.000000000006
40,277,11.04,56.50,84.28,19.681740839203,-1.570796326795,0,-0.000000000003
40,278,11.08,56.50,83.49,19.681740839203,-1.570796326795,-0,-0.000000000001
40,279,11.12,56.50,82.70,19.681740839202,-1.570796326795,0,0.000000000001
40,280,11.16,56.50,81.91,19.681740839203,-1.570796326795,-0,0.000000000006
40,281,11.2,56.50,81.13,19.681740839203,-1.570796326795,0,-0
40,282,11.24,56.50,80.34,19.681740839203,-1.570796326795,-0,-0.000000000004
40,283,11.28,56.50,79.55,19.681740839203,-1.570796326795,0,-0
40,284,11.32,56.50,78.77,19.681740839203,-1.570796326795,-0,0.000000000001
40,285,11.36,56.50,77.98,19.681740839203,-1.570796326795,0,-0.000000000003
40,286,11.4,56.50,77.19,19.681740839202,-1.570796326795,-0,0
40,287,11.44,56.50,76.40,19.681740839203,-1.570796326795,0,0.000000000004
40,288,11.48,56.50,75.62,19.681740839203,-1.570796326795,-0,-0.000000000003
40,289,11.52,56.50,74.83,19.681740839202,-1.570796326795,0,-0.000000000001
40,290,11.56,56.50,74.04,19.681740839203,-1.570796326795,-0,0.000000000006
40,291,11.6,56.50,73.25,19.681740839203,-1.570796326795,0,-0.000000000001
40,292,11.64,56.50,72.47,19.681740839203,-1.570796326795,-0,-0.000000000004
40,293,11.68,56.50,71.68,19.681740839203,-1.570796326795,0,0.000000000003
40,294,11.72,56.50,70.89,19.681740839203,-1.570796326795,-0,0.000000000003
41,294,11.72,56.50,89.00,19.153371957614,-1.570796326795,0,-0.000000000009
40,295,11.76,56.50,70.11,19.681740839203,-1.570796326795,-0,0.000000000001
41,295,11.76,56.50,88.23,19.153371957613,-1.570796326795,-0,-0.000000000005
40,296,11.8,56.50,69.32,19.681740839203,-1.570796326795,0,-0.000000000004
41,296,11.8,56.50,87.47,19.153371957613,-1.570796326795,0,0
40,297,11.84,56.50,68.53,19.681740839202,-1.570796326795,0,-0.00000000001
41,297,11.84,56.50,86.70,19.153371957613,-1.570796326795,0,0.000000000003
40,298,11.88,56.50,67.74,19.681740839202,-1.570796326795,-0,0.000000000003
41,298,11.88,56.50,85.94,19.153371957613,-1.570796326795,0,0.000000000003
40,299,11.92,56.50,66.96,19.681740839203,-1.570796326795,0,0.000000000016
41,299,11.92,56.50,85.17,19.153371957613,-1.570796326795,0,0
40,300,11.96,56.50,66.17,19.681740839203,-1.570796326795,0,0.000000000001
41,300,11.96,56.50,84.40,19.153371957613,-1.570796326795,0,-0.000000000003
40,301,12,56.50,65.38,19.681740839203,-1.570796326795,-0,-0.00000000001
41,301,12,56.50,83.64,19.153371957613,-1.570796326795,0,0
40,302,12.04,56.50,64.59,19.681740839203,-1.570796326795,0,-0.000000000001
41,302,12.04,56.50,82.87,19.153371957613,-1.570796326795,0,0.000000000001
40,303,12.08,56.50,63.81,19.681740839203,-1.570796326795,-0,-0.000000000001
41,303,12.08,56.50,82.10,19.153371957613,-1.570796326795,0,-0.000000000004
40,304,12.12,56.50,63.02,19.681740839202,-1.570796326795,0,-0.000000000001
41,304,12.12,56.50,81.34,19.153371957613,-1.570796326795,0,0
40,305,12.16,56.50,62.23,19.681740839203,-1.570796326795,-0,0.000000000001
41,305,12.16,56.50,80.57,19.153371957613,-1.570796326795,0,0.000000000006
40,306,12.2,56.50,61.45,19.681740839203,-1.570796326795,0,-0
41,306,12.2,56.50,79.81,19.153371957614,-1.570796326795,0,-0.000000000003
40,307,12.24,56.50,60.66,19.681740839203,-1.570796326795,-0,0.000000000001
41,307,12.24,56.50,79.04,19.153371957613,-1.570796326795,0,-0.000000000004
40,308,12.28,56.50,59.87,19.681740839203,-1.570796326795,0,0.000000000001
41,308,12.28,56.50,78.27,19.153371957613,-1.570796326795,0,0.000000000004
40,309,12.32,56.50,59.08,19.681740839203,-1.570796326795,-0.028220697174,-0.033824652908
41,309,12.32,56.50,77.51,19.153371957613,-1.570796326795,0,0.000000000004
40,310,12.36,56.50,58.30,19.67903486697,-1.573053982569,-0.765370430994,-0.471963038439
41,310,12.36,56.50,76.74,19.153371957614,-1.570796326795,0,-0.000000000004
40,311,12.4,56.50,57.51,19.643983796128,-1.632025961274,-1.483407568032,-0.010573005092
41,311,12.4,56.50,75.98,19.153371957613,-1.570796326795,0,-0.000000000006
40,312,12.44,56.40,56.73,19.678189026563,-1.691726588011,-0.783522798335,0.471963038441
41,312,12.44,56.50,75.21,19.153371957613,-1.570796326795,0,0.000000000003
40,313,12.48,56.31,55.95,19.681740839203,-1.694707785141,-0.037264964122,0.044397658
41,313,12.48,56.50,74.44,19.153371957613,-1.570796326795,0,0.000000000001
40,314,12.52,56.21,55.17,19.681740839203,-1.694707785141,0,-0.000000000004
41,314,12.52,56.50,73.68,19.153371957613,-1.570796326795,0,0
40,315,12.56,56.11,54.38,19.681740839203,-1.694707785141,0,-0
41,315,12.56,56.50,72.91,19.153371957613,-1.570796326795,0,0.000000000004
40,316,12.6,56.01,53.60,19.681740839203,-1.694707785141,-4.916565305452,-26.893599973182
41,316,12.6,56.50,72.15,19.153371957614,-1.570796326795,-0,0.000000000006
40,317,12.64,55.92,52.82,17.530252841348,-2.088033009577,-11.101603227274,-8.069572910913
41,317,12.64,56.50,71.38,19.153371957614,-1.570796326795,0,-0.000000000006
40,318,12.68,55.32,52.38,19.03617500633,-2.582836043323,-7.060843168176,26.893599973182
41,318,12.68,56.50,70.61,19.153371957613,-1.570796326795,0,-0.00000000001
44,318,12.68,56.50,89.00,18.775344879503,-1.570796326795,0,-0.000000000012
40,319,12.72,54.63,52.01,19.681740839203,-2.652900463031,-0.875805246354,8.069572910912
41,319,12.72,56.50,69.85,19.153371957613,-1.570796326795,-0,0.000000000003
44,319,12.72,56.50,88.25,18.775344879502,-1.570796326795,-0,-0.000000000006
40,320,12.76,53.93,51.64,19.681740839203,-2.652900463031,0,0.000000000007
41,320,12.76,56.50,69.08,19.153371957613,-1.570796326795,0,0.000000000007
44,320,12.76,56.50,87.50,18.775344879502,-1.570796326795,0,0
40,321,12.8,53.24,51.28,19.681740839203,-2.652900463031,0,-0.000000000003
41,321,12.8,56.50,68.31,19.153371957614,-1.570796326795,0,0
44,321,12.8,56.50,86.75,18.775344879502,-1.570796326795,0,0.000000000003
40,322,12.84,52.54,50.91,19.681740839202,-2.652900463031,-0,-0.000000000013
41,322,12.84,56.50,67.55,19.153371957613,-1.570796326795,-0,0
44,322,12.84,56.50,86.00,18.775344879503,-1.570796326795,0,0
40,323,12.88,51.85,50.54,19.681740839202,-2.652900463031,1.263652414271,-3.300755238648
41,323,12.88,56.50,66.78,19.153371957614,-1.570796326795,0,-0.000000000001
44,323,12.88,56.50,85.24,18.775344879502,-1.570796326795,0,0
40,324,12.92,51.15,50.17,19.417680420111,-2.55180826989,3.573550292006,-2.840213565013
41,324,12.92,56.50,66.02,19.153371957613,-1.570796326795,0,-0.000000000004
44,324,12.92,56.50,84.49,18.775344879503,-1.570796326795,0,0
40,325,12.96,50.55,49.67,19.454523754001,-2.367016439671,3.317836872214,3.300755238652
41,325,12.96,56.50,65.25,19.153371957613,-1.570796326795,0,0.000000000003
44,325,12.96,56.50,83.74,18.775344879502,-1.570796326795,0,-0.000000000003
40,326,13,50.04,49.08,19.681740839203,-2.286381320113,1.007938994479,2.840213565014
41,326,13,56.50,64.48,19.153371957613,-1.570796326795,0,0.000000000004
44,326,13,56.50,82.99,18.775344879502,-1.570796326795,0,0
40,327,13.04,49.52,48.48,19.681740839202,-2.286381320113,0,-0.000000000004
41,327,13.04,56.50,63.72,19.153371957614,-1.570796326795,0,-0.000000000003
44,327,13.04,56.50,82.24,18.775344879502,-1.570796326795,0,0.000000000001
40,328,13.08,49.01,47.89,19.681740839203,-2.286381320113,-0,0.000000000014
41,328,13.08,56.50,62.95,19.153371957613,-1.570796326795,0,-0.000000000004
44,328,13.08,56.50,81.49,18.775344879503,-1.570796326795,0,0.000000000001
40,329,13.12,48.49,47.30,19.681740839203,-2.286381320113,-0,0.000000000004
41,329,13.12,56.50,62.19,19.153371957613,-1.570796326795,0,0.000000000001
44,329,13.12,56.50,80.74,18.775344879503,-1.570796326795,0,0.000000000004
40,330,13.16,47.97,46.70,19.681740839203,-2.286381320113,0,-0.000000000011
41,330,13.16,56.50,61.42,19.153371957613,-1.570796326795,0,0.000000000001
44,330,13.16,56.50,79.99,18.775344879503,-1.570796326795,0,0
40,331,13.2,47.46,46.11,19.681740839202,-2.286381320113,1.563639054001,-5.05797582314
41,331,13.2,56.50,60.65,19.153371957613,-1.570796326795,0,0
44,331,13.2,56.50,79.24,18.775344879503,-1.570796326795,0,-0.000000000006
40,332,13.24,46.94,45.51,19.277102773352,-2.161290195792,4.43627942508,-4.327973412565
41,332,13.24,56.50,59.89,19.153371957613,-1.570796326795,0,0
44,332,13.24,56.50,78.49,18.775344879502,-1.570796326795,0,0
40,333,13.28,46.60,44.83,19.335502966197,-1.931478966106,4.10868101498,5.057975823139
41,333,13.28,56.50,59.12,19.153371957613,-1.570796326795,-0.022575939178,-0.026430909041
44,333,13.28,56.50,77.73,18.775344879503,-1.570796326795,0,0.000000000001
40,334,13.32,46.39,44.07,19.681740839203,-1.832595714594,1.236040643902,4.327973412566
41,334,13.32,56.50,58.35,19.15125748489,-1.572602401929,-0.684903751171,-0.453224723888
44,334,13.32,56.50,76.98,18.775344879503,-1.570796326795,0,0
40,335,13.36,46.19,43.31,19.681740839203,-1.832595714594,-0,0
41,335,13.36,56.50,57.59,19.117113979702,-1.625588626889,-1.414483684524,-0.096800713539
44,335,13.36,56.50,76.23,18.775344879503,-1.570796326795,0,-0.000000000001
40,336,13.4,45.99,42.54,19.681740839203,-1.832595714594,-0,0.000000000003
41,336,13.4,56.42,56.83,19.143513427807,-1.685761096691,-0.863989478157,0.453224723888
44,336,13.4,56.50,75.48,18.775344879502,-1.570796326795,0,0.000000000001
40,337,13.44,45.78,41.78,19.681740839203,-1.832595714594,0,-0.000000000003
41,337,13.44,56.32,56.07,19.153371957613,-1.694707785141,-0.111833605626,0.12323162258
44,337,13.44,56.50,74.73,18.775344879503,-1.570796326795,0,0
40,338,13.48,45.58,41.02,19.681740839203,-1.832595714594,-0,-0.000000000001
41,338,13.48,56.23,55.31,19.153371957613,-1.694707785141,-0,-0.000000000001
44,338,13.48,56.50,73.98,18.775344879502,-1.570796326795,0,0
40,339,13.52,45.37,40.26,19.681740839203,-1.832595714594,0,0.000000000001
41,339,13.52,56.13,54.55,19.153371957613,-1.694707785141,-0,-0.000000000001
44,339,13.52,56.50,73.23,18.775344879503,-1.570796326795,0,0.000000000001
40,340,13.56,45.17,39.50,19.681740839203,-1.832595714594,0,0
41,340,13.56,56.04,53.79,19.153371957613,-1.694707785141,-3.185753337524,-21.499811505072
44,340,13.56,56.50,72.48,18.775344879503,-1.570796326795,0,-0.000000000001
40,341,13.6,44.97,38.74,19.681740839203,-1.832595714594,0.008992886052,-0.047353054001
41,341,13.6,55.94,53.03,17.433387037207,-1.949568052143,-9.532957377992,-18.119344197522
44,341,13.6,56.50,71.73,18.775344879503,-1.570796326795,0,0
40,342,13.64,44.76,37.98,19.677952594883,-1.83187628371,2.298446237536,-7.659674955547
41,342,13.64,55.52,52.49,17.703824421811,-2.45734437538,-8.791655136104,21.499811505074
44,342,13.64,56.50,70.98,18.775344879503,-1.570796326795,-0,0.000000000006
40,343,13.68,44.56,37.22,19.068966842759,-1.648720015591,5.59962130658,-4.12427046913
41,343,13.68,54.85,52.13,19.153371957613,-2.652900463031,-2.444451095636,18.119344197519
44,343,13.68,56.50,70.22,18.775344879503,-1.570796326795,0,0.000000000001
45,343,13.68,56.50,89.00,18.293925780028,-1.570796326795,0,-0.000000000003
40,344,13.72,44.64,36.46,19.348010957352,-1.383906579183,4.246538457442,7.659674955546
41,344,13.72,54.17,51.77,19.153371957613,-2.652900463031,-0,-0.000000000002
44,344,13.72,56.50,69.47,18.775344879503,-1.570796326795,0,-0.000000000011
45,344,13.72,56.50,88.27,18.293925780028,-1.570796326795,-0,-0.000000000005
40,345,13.76,44.85,35.70,19.681740839203,-1.308996938996,0.936370502346,4.171623523138
41,345,13.76,53.49,51.41,19.153371957613,-2.652900463031,-0,0.000000000011
44,345,13.76,56.50,68.72,18.775344879502,-1.570796326795,-0,-0.000000000001
45,345,13.76,56.50,87.54,18.293925780028,-1.570796326795,0,-0.000000000003
40,346,13.8,45.05,34.94,19.681740839203,-1.308996938996,-0,-0.000000000002
41,346,13.8,52.82,51.05,19.153371957614,-2.652900463031,0,0.000000000002
44,346,13.8,56.50,67.97,18.775344879503,-1.570796326795,0,0.00000000001
45,346,13.8,56.50,86.80,18.293925780028,-1.570796326795,0,0.000000000006
40,347,13.84,45.26,34.18,19.681740839203,-1.308996938996,-0,-0.000000000015
41,347,13.84,52.14,50.69,19.153371957613,-2.652900463031,0.391993594559,-1.266844467464
44,347,13.84,56.50,67.22,18.775344879503,-1.570796326795,0,0
45,347,13.84,56.50,86.07,18.293925780028,-1.570796326795,0,0.000000000003
40,348,13.88,45.46,33.42,19.681740839202,-1.308996938996,0,0.000000000002
41,348,13.88,51.46,50.33,19.052024400217,-2.621540975467,2.479168204884,-3.982314817312
44,348,13.88,56.50,66.47,18.775344879503,-1.570796326795,-0,-0.000000000004
45,348,13.88,56.50,85.34,18.293925780028,-1.570796326795,0,-0.000000000006
40,349,13.92,45.66,32.66,19.681740839203,-1.308996938996,-0,0.000000000012
41,349,13.92,50.82,49.93,18.834786772228,-2.454567006641,3.981197865433,0.562765911136
44,349,13.92,56.50,65.72,18.775344879503,-1.570796326795,0,0.000000000001
45,349,13.92,56.50,84.61,18.293925780028,-1.570796326795,0,-0.000000000003
40,350,13.96,45.87,31.90,19.681740839203,-1.308996938996,-0,-0.000000000001
41,350,13.96,50.30,49.38,19.097045673108,-2.303045146232,2.102321081601,3.982314817313
44,350,13.96,56.50,64.97,18.775344879503,-1.570796326795,0,0.000000000003
45,350,13.96,56.50,83.88,18.293925780028,-1.570796326795,0,0.000000000003
40,351,14,46.07,31.14,19.681740839203,-1.308996938996,0,-0.000000000011
41,351,14,49.80,48.80,19.153371957613,-2.286381320113,0.208297826493,0.70407855632
44,351,14,56.50,64.22,18.775344879503,-1.570796326795,0,-0.000000000003
45,351,14,56.50,83.15,18.293925780028,-1.570796326795,0,0.000000000003
40,352,14.04,46.27,30.38,19.681740839202,-1.308996938996,0.012699788192,-0.057565956721
41,352,14.04,49.29,48.22,19.153371957613,-2.286381320113,0,-0.000000000004
44,352,14.04,56.50,63.47,18.775344879502,-1.570796326795,0,-0.000000000006
45,352,14.04,56.50,82.41,18.293925780028,-1.570796326795,0,0
40,353,14.08,46.48,29.62,19.677135562665,-1.30798095594,2.43133197731,-6.179751371742
41,353,14.08,48.79,47.64,19.153371957613,-2.286381320113,-0,0.000000000002
44,353,14.08,56.50,62.71,18.775344879502,-1.570796326795,0,0
45,353,14.08,56.50,81.68,18.293925780028,-1.570796326795,0,0
40,354,14.12,46.68,28.86,19.187360729463,-1.114490380811,5.259648011671,-1.622072112236
41,354,14.12,48.29,47.06,19.153371957613,-2.286381320113,0,0.000000000003
44,354,14.12,56.50,61.96,18.775344879502,-1.570796326795,0,0.000000000003
45,354,14.12,56.50,80.95,18.293925780028,-1.570796326795,0,0
40,355,14.16,47.15,28.24,19.547369793686,-0.887209115007,3.240988091671,6.179751371748
41,355,14.16,47.78,46.49,19.153371957613,-2.286381320113,0,-0.000000000001
44,355,14.16,56.50,61.21,18.775344879503,-1.570796326795,0,0.000000000001
45,355,14.16,56.50,80.22,18.293925780028,-1.570796326795,0,0.000000000001
40,356,14.2,47.67,27.65,19.681740839203,-0.855211333477,0.399972269118,1.679638068956
41,356,14.2,47.28,45.91,19.153371957613,-2.286381320113,2.439643838845,-6.018828443541
44,356,14.2,56.50,60.46,18.775344879503,-1.570796326795,0,0
45,356,14.2,56.50,79.49,18.293925780028,-1.570796326795,0,-0.000000000001
40,357,14.24,48.19,27.05,19.681740839203,-0.855211333477,0,-0.000000000001
41,357,14.24,46.78,45.33,18.67186568213,-2.091209813005,5.293221216981,-1.555808275254
44,357,14.24,56.50,59.71,18.775344879503,-1.570796326795,0,0
45,357,14.24,56.50,78.76,18.293925780028,-1.570796326795,0,0
40,358,14.28,48.70,26.46,19.681740839203,-0.855211333477,-0,0.000000000001
41,358,14.28,46.54,44.61,19.028907295593,-1.862923622754,3.232676230137,6.018828443542
44,358,14.28,56.50,58.96,18.775344879503,-1.570796326795,-0.043805009343,-0.049569366195
45,358,14.28,56.50,78.02,18.293925780028,-1.570796326795,0,0.000000000003
40,359,14.32,49.22,25.86,19.681740839203,-0.855211333477,0,0.000000000001
41,359,14.32,46.34,43.87,19.153371957613,-1.832595714594,0.379098852,1.555808275255
44,359,14.32,56.50,58.21,18.771379330207,-1.574300727542,-0.818410642354,-0.448840837481
45,359,14.32,56.50,77.29,18.293925780028,-1.570796326795,0,0
40,360,14.36,49.74,25.27,19.681740839203,-0.855211333477,0.132153628372,-0.467421411141
41,360,14.36,46.14,43.13,19.153371957613,-1.832595714594,-0,-0.000000000003
44,360,14.36,56.49,57.46,18.739437612504,-1.636269178183,-1.505088219985,0.049569366197
45,360,14.36,56.50,76.56,18.293925780028,-1.570796326795,0,-0.000000000001
40,361,14.4,50.25,24.67,19.644347126311,-0.844639043207,1.970005881488,-4.040002371492
41,361,14.4,45.94,42.39,19.153371957613,-1.832595714594,0,0
44,361,14.4,56.40,56.71,18.775344879503,-1.694707785141,-0.730482586975,0.448840837482
45,361,14.4,56.50,75.83,18.293925780028,-1.570796326795,0,-0.000000000004
40,362,14.44,50.78,24.09,19.358540649483,-0.697610862958,4.004551688234,-0.990296990461
41,362,14.44,45.75,41.65,19.153371957613,-1.832595714594,-0,0
44,362,14.44,56.31,55.97,18.775344879503,-1.694707785141,-0,-0.000000000001
45,362,14.44,56.50,75.10,18.293925780028,-1.570796326795,0,0
40,363,14.48,51.44,23.68,19.565123367074,-0.524274908149,2.611483404997,4.040002371492
41,363,14.48,45.55,40.91,19.153371957613,-1.832595714594,0,-0.000000000003
44,363,14.48,56.22,55.22,18.775344879503,-1.694707785141,-0,-0.000000000001
45,363,14.48,56.50,74.36,18.293925780028,-1.570796326795,0,0.000000000006
40,364,14.52,52.14,23.31,19.681740839203,-0.488692190558,0.444783969879,1.457718401601
41,364,14.52,45.35,40.17,19.153371957613,-1.832595714594,0,-0
44,364,14.52,56.12,54.48,18.775344879503,-1.694707785141,0,-0
45,364,14.52,56.50,73.63,18.293925780028,-1.570796326795,0,0
40,365,14.56,52.83,22.94,19.681740839203,-0.488692190558,-0,-0.000000000003
41,365,14.56,45.15,39.43,19.153371957613,-1.832595714594,-0,0.000000000002
44,365,14.56,56.03,53.73,18.775344879503,-1.694707785141,-3.463945082349,-22.101804795107
45,365,14.56,56.50,72.90,18.293925780028,-1.570796326795,0,-0.000000000001
40,366,14.6,53.53,22.57,19.681740839202,-0.488692190558,0,0.000000000007
41,366,14.6,44.95,38.69,19.153371957613,-1.832595714594,0.02698902629,-0.137873597192
44,366,14.6,55.94,52.99,17.007200495894,-1.971823391729,-9.799686844839,-16.354543502877
45,366,14.6,56.50,72.17,18.293925780028,-1.570796326795,0,0
40,367,14.64,54.22,22.20,19.681740839203,-0.488692190558,0,0.000000000003
41,367,14.64,44.75,37.95,19.142342069838,-1.830436592491,2.317605102316,-7.481530940638
44,367,14.64,55.50,52.48,17.466981399272,-2.478682732728,-8.513463391279,22.101804795112
45,367,14.64,56.50,71.44,18.293925780028,-1.570796326795,-0,0.000000000003
40,368,14.68,54.92,21.83,19.681740839203,-0.488692190558,-0.097278956476,-1.724785497617
41,368,14.68,44.56,37.21,18.554849482362,-1.647187306409,5.581625166342,-3.9217600327
43,368,14.68,56.50,89.00,17.836577635527,-1.570796326795,0,-0.000000000002
44,368,14.68,54.84,52.13,18.775344879503,-2.652900463031,-2.177721628789,16.354543502876
45,368,14.68,56.50,70.71,18.293925780028,-1.570796326795,0,0.000000000001
40,369,14.72,55.61,21.46,19.543757999394,-0.496474507077,-4.654624034849,-32.892121201102
41,369,14.72,44.64,36.47,18.828601267222,-1.383906579183,4.227379592662,7.481530940637
43,369,14.72,56.50,88.29,17.836577635527,-1.570796326795,-0,0.000000000002
44,369,14.72,54.17,51.77,18.775344879502,-2.652900463031,-0,-0.000000000011
45,369,14.72,56.50,69.97,18.293925780028,-1.570796326795,0,-0.000000000009
40,370,14.76,56.29,21.09,17.050371143114,-0.861062113346,-11.633778866473,-15.883677807665
41,370,14.76,44.84,35.73,19.153371957613,-1.308996938996,0.936370502346,4.059633629898
43,370,14.76,56.50,87.57,17.836577635528,-1.570796326795,0,-0.000000000003
44,370,14.76,53.51,51.42,18.775344879502,-2.652900463031,0,0.000000000001
45,370,14.76,56.50,69.24,18.293925780028,-1.570796326795,-0,-0.000000000003
40,371,14.8,56.50,20.43,18.27306377478,-1.427176816394,-8.871677668107,32.892121201104
41,371,14.8,45.04,34.99,19.153371957614,-1.308996938996,-0,0
43,371,14.8,56.50,86.86,17.836577635527,-1.570796326795,0,-0.000000000003
44,371,14.8,52.85,51.07,18.775344879503,-2.652900463031,-0,0.000000000011
45,371,14.8,56.50,68.51,18.293925780028,-1.570796326795,0,0.000000000011
40,372,14.84,56.50,19.64,19.681740839203,-1.570796326795,-1.795243880007,17.608463305274
41,372,14.84,45.24,34.25,19.153371957613,-1.308996938996,0,-0.000000000013
43,372,14.84,56.50,86.15,17.836577635527,-1.570796326795,0,0.000000000006
44,372,14.84,52.18,50.72,18.775344879503,-2.652900463031,0.257791308766,-0.844045410848
45,372,14.84,56.50,67.78,18.293925780029,-1.570796326795,0,0.000000000001
40,373,14.88,56.50,18.85,19.681740839202,-1.570796326795,-0,-0.000000000003
41,373,14.88,45.43,33.51,19.153371957613,-1.308996938996,0,-0.000000000002
43,373,14.88,56.50,85.43,17.836577635528,-1.570796326795,0,0
44,373,14.88,51.52,50.36,18.707821246635,-2.63227715833,2.234199672039,-3.927575016199
45,373,14.88,56.50,67.05,18.293925780028,-1.570796326795,-0,-0.000000000007
40,374,14.92,56.50,18.07,19.681740839202,-1.570796326795,0,0.000000000006
41,374,14.92,45.63,32.77,19.153371957613,-1.308996938996,-0,0.000000000012
43,374,14.92,56.50,84.72,17.836577635527,-1.570796326795,0,-0.000000000003
44,374,14.92,50.88,49.99,18.461138878207,-2.474164489268,4.010804356223,-0.166755015536
45,374,14.92,56.50,66.32,18.293925780028,-1.570796326795,0,0.000000000001
40,375,14.96,56.50,17.28,19.681740839203,-1.570796326795,0,0.000000000002
41,375,14.96,45.83,32.03,19.153371957614,-1.308996938996,0,0.000000000002
43,375,14.96,56.50,84.01,17.836577635527,-1.570796326795,0,-0.000000000003
44,375,14.96,50.36,49.45,18.694480845392,-2.311412809832,2.347289614446,3.9275750162
45,375,14.96,56.50,65.58,18.293925780028,-1.570796326795,0,0.000000000003
40,376,15,56.50,16.49,19.681740839203,-1.570796326795,0,-0.000000000007
41,376,15,46.03,31.29,19.153371957613,-1.308996938996,0,-0.000000000003
43,376,15,56.50,83.29,17.836577635527,-1.570796326795,0,-0.000000000003
44,376,15,49.87,48.88,18.775344879503,-2.286381320113,0.312893621496,1.010800426383
45,376,15,56.50,64.85,18.293925780028,-1.570796326795,0,0
40,377,15.04,56.50,15.70,19.681740839202,-1.570796326795,-0,0
41,377,15.04,46.23,30.55,19.153371957613,-1.308996938996,0.002835359411,-0.012530872924
43,377,15.04,56.50,82.58,17.836577635527,-1.570796326795,0,0.000000000004
44,377,15.04,49.38,48.32,18.775344879502,-2.286381320113,0,-0.000000000008
45,377,15.04,56.50,64.12,18.293925780028,-1.570796326795,0,-0.000000000004
40,378,15.08,56.50,14.92,19.681740839203,-1.570796326795,0,0.000000000011
41,378,15.08,46.43,29.81,19.152369487779,-1.308770110243,1.588278840083,-4.968945582793
43,378,15.08,56.50,81.87,17.836577635528,-1.570796326795,0,0.000000000001
44,378,15.08,48.88,47.75,18.775344879502,-2.286381320113,-0,0.000000000001
45,378,15.08,56.50,63.39,18.293925780028,-1.570796326795,0,-0.000000000003
40,379,15.12,56.50,14.13,19.681740839203,-1.570796326795,0,0
41,379,15.12,46.62,29.07,18.75585631099,-1.181934631789,4.45498787434,-4.146716780637
43,379,15.12,56.50,81.15,17.836577635527,-1.570796326795,0,0
44,379,15.12,48.39,47.18,18.775344879503,-2.286381320113,-0,0.000000000005
45,379,15.12,56.50,62.66,18.293925780028,-1.570796326795,0,0.000000000003
40,380,15.16,56.50,13.34,19.681740839203,-1.570796326795,0,-0.000000000011
41,380,15.16,47.00,28.42,18.820632145328,-0.952371080296,4.084041228898,4.968945582792
43,380,15.16,56.50,80.44,17.836577635528,-1.570796326795,0,0.000000000003
44,380,15.16,47.90,46.62,18.775344879503,-2.286381320113,0,-0.000000000004
45,380,15.16,56.50,61.92,18.293925780028,-1.570796326795,0,0
40,381,15.2,56.50,12.55,19.681740839202,-1.570796326795,-0,-0
41,381,15.2,47.50,27.84,19.153371957613,-0.855211333477,1.214496835231,4.159247653561
43,381,15.2,56.50,79.72,17.836577635528,-1.570796326795,0,-0.000000000003
44,381,15.2,47.40,46.05,18.775344879502,-2.286381320113,1.660279958972,-4.999584178799
45,381,15.2,56.50,61.19,18.293925780028,-1.570796326795,0,-0.000000000001
40,382,15.24,56.50,11.77,19.681740839203,-1.570796326795,0,0.00000000001
41,382,15.24,48.00,27.27,19.153371957613,-0.855211333477,0,-0.000000000001
43,382,15.24,56.50,79.01,17.836577635527,-1.570796326795,0,-0.000000000003
44,382,15.24,46.91,45.48,18.375378145199,-2.153558923395,4.532166882755,-3.893990060638
45,382,15.24,56.50,60.46,18.293925780028,-1.570796326795,0,0.000000000003
40,383,15.28,56.50,10.98,19.681740839203,-1.570796326795,0,-0.000000000002
41,383,15.28,48.50,26.69,19.153371957613,-0.855211333477,0,-0.000000000001
43,383,15.28,56.50,78.30,17.836577635527,-1.570796326795,0,0.000000000003
44,383,15.28,46.60,44.82,18.463825674651,-1.923807969492,4.01204011001,4.999584178797
45,383,15.28,56.50,59.73,18.293925780028,-1.570796326795,0,0
40,384,15.32,56.50,10.19,19.681740839203,-1.570796326795,0,-0.000000000013
41,384,15.32,49.01,26.11,19.153371957613,-0.855211333477,0,0.000000000001
43,384,15.32,56.50,77.58,17.836577635528,-1.570796326795,0,0.000000000001
44,384,15.32,46.40,44.10,18.775344879503,-1.832595714594,1.140153186226,3.893990060642
45,384,15.32,56.50,59.00,18.293925780028,-1.570796326795,-0.028220697174,-0.031439581228
40,385,15.36,56.50,9.41,19.681740839202,-1.570796326795,-0,0.000000000002
41,385,15.36,49.51,25.53,19.153371957613,-0.855211333477,-0,0
43,385,15.36,56.50,76.87,17.836577635527,-1.570796326795,0,-0.000000000003
44,385,15.36,46.21,43.37,18.775344879503,-1.832595714594,-0,-0.000000000003
45,385,15.36,56.50,58.27,18.29141061353,-1.573053982569,-0.737942717525,-0.437770533706
40,386,15.4,56.50,8.62,19.681740839203,-1.570796326795,0,0.000000000013
41,386,15.4,50.01,24.95,19.153371957613,-0.855211333477,0.786060315147,-2.293163049025
43,386,15.4,56.50,76.16,17.836577635527,-1.570796326795,0,0
44,386,15.4,46.01,42.64,18.775344879502,-1.832595714594,0,0
45,386,15.4,56.50,57.53,18.258904137332,-1.629831744197,-1.456071550057,-0.03879814172
40,387,15.44,56.50,7.83,19.681740839203,-1.570796326795,0,0.000000000005
41,387,15.44,50.51,24.38,18.969918913691,-0.792326508265,3.094379283905,-3.521716513669
43,387,15.44,56.50,75.44,17.836577635527,-1.570796326795,0,0.000000000001
44,387,15.44,45.82,41.92,18.775344879503,-1.832595714594,-0,0.000000000001
45,387,15.44,56.41,56.81,18.288306762192,-1.689539706573,-0.810950511803,0.437770533706
40,388,15.48,56.50,7.04,19.681740839203,-1.570796326795,0,-0.000000000006
41,388,15.48,51.08,23.87,18.87163463652,-0.607660990765,3.795428971338,2.293163049025
43,388,15.48,56.50,74.73,17.836577635527,-1.570796326795,0,0
44,388,15.48,45.62,41.19,18.775344879502,-1.832595714594,0,0.000000000006
45,388,15.48,56.32,56.08,18.293925780028,-1.694707785141,-0.064600982097,0.070237722946
40,389,15.52,56.50,6.26,19.681740839203,-1.570796326795,0,-0.00000000001
41,389,15.52,51.75,23.51,19.153371957613,-0.488692190558,1.487110002581,3.521716513669
43,389,15.52,56.50,74.02,17.836577635527,-1.570796326795,0,0.000000000001
44,389,15.52,45.43,40.47,18.775344879503,-1.832595714594,0,0
45,389,15.52,56.23,55.36,18.293925780028,-1.694707785141,-0,-0.000000000001
40,390,15.56,56.50,5.47,19.681740839202,-1.570796326795,-0,0.000000000001
41,390,15.56,52.43,23.15,19.153371957613,-0.488692190558,-0,-0.000000000001
43,390,15.56,56.50,73.30,17.836577635528,-1.570796326795,0,0
44,390,15.56,45.24,39.74,18.775344879503,-1.832595714594,-0,-0.000000000012
45,390,15.56,56.14,54.63,18.293925780028,-1.694707785141,0,0.000000000004
40,391,15.6,56.50,4.68,19.681740839203,-1.570796326795,0,0.00000000001
41,391,15.6,53.11,22.79,19.153371957613,-0.488692190558,0,0.000000000004
43,391,15.6,56.50,72.59,17.836577635527,-1.570796326795,0,0
44,391,15.6,45.04,39.02,18.775344879502,-1.832595714594,0,0
45,391,15.6,56.05,53.90,18.293925780028,-1.694707785141,-1.875948861411,-14.243803117371
40,392,15.64,56.50,3.89,19.681740839203,-1.570796326795,0,-0.000000000001
41,392,15.64,53.78,22.43,19.153371957614,-0.488692190558,-0,-0.000000000001
43,392,15.64,56.50,71.88,17.836577635528,-1.570796326795,-0,0.000000000003
44,392,15.64,44.85,38.29,18.775344879503,-1.832595714594,0.692775568242,-3.082095939583
45,392,15.64,55.96,53.18,17.154421530638,-1.844783694054,-8.125158457472,-22.745471477464
40,393,15.68,56.50,3.11,19.681740839203,-1.570796326795,0,-0.000000000014
41,393,15.68,54.46,22.07,19.153371957613,-0.488692190558,-0,-0.00000000001
43,393,15.68,56.50,71.16,17.836577635528,-1.570796326795,0,-0.000000000001
44,393,15.68,44.65,37.57,18.528777204335,-1.777173669135,4.004044449913,-7.608150867723
45,393,15.68,55.68,52.58,16.474288061831,-2.344720461739,-10.047872080554,13.737785164837
40,394,15.72,56.50,2.32,19.681740839202,-1.570796326795,-0,-0.000000000003
41,394,15.72,55.14,21.71,19.153371957613,-0.488692190558,-0.375610728505,-4.94060087122
43,394,15.72,56.50,70.45,17.836577635527,-1.570796326795,0,-0.00000000001
44,394,15.72,44.54,36.84,18.166692810085,-1.512272158601,5.852209126737,3.082095939584
45,394,15.72,55.04,52.23,18.253444343825,-2.648613460498,-3.852250016157,22.745471477457
40,395,15.76,56.50,1.53,19.681740839202,-1.570796326795,0,0.000000000014
41,395,15.76,55.81,21.36,18.758123887916,-0.518741048839,-6.60327046545,-34.957019614927
43,395,15.76,56.50,69.74,17.836577635527,-1.570796326795,-0,0
44,395,15.76,44.74,36.12,18.775344879502,-1.308996938996,2.540940245066,7.608150867723
45,395,15.76,54.39,51.89,18.293925780028,-2.652900463031,-0.053587531663,0.506017952537
40,396,15.8,56.50,0.75,19.681740839203,-1.570796326795,0,0.000000000003
41,396,15.8,56.44,20.97,16.356810388419,-1.016953827794,-12.636947677385,-0.725934441862
43,396,15.8,56.50,69.02,17.836577635527,-1.570796326795,0,0.000000000013
44,396,15.8,44.93,35.39,18.775344879503,-1.308996938996,-0,0.000000000008
45,396,15.8,53.75,51.55,18.293925780028,-2.652900463031,-0,0.000000000013
40,397,15.84,56.50,-0.04,19.681740839203,-1.570796326795,0,-0.000000000011
41,397,15.84,56.50,20.24,18.700049132567,-1.52969686303,-6.923031237507,34.957019614927
43,397,15.84,56.50,68.31,17.836577635528,-1.570796326795,0,0
44,397,15.84,45.13,34.67,18.775344879503,-1.308996938996,0,0
45,397,15.84,53.10,51.20,18.293925780029,-2.652900463031,0,-0.000000000001
40,398,15.88,56.50,-0.83,19.681740839202,-1.570796326795,-0,0
41,398,15.88,56.50,19.48,19.153371957613,-1.570796326795,-0.513743297067,5.666535313084
43,398,15.88,56.50,67.60,17.836577635527,-1.570796326795,-0,-0.000000000006
44,398,15.88,45.32,33.94,18.775344879503,-1.308996938996,0,-0.000000000008
45,398,15.88,52.46,50.86,18.293925780028,-2.652900463031,-0,-0.000000000013
40,399,15.92,56.50,-1.62,19.681740839203,-1.570796326795,0,0.000000000011
41,399,15.92,56.50,18.71,19.153371957613,-1.570796326795,0,0.000000000011
43,399,15.92,56.50,66.88,17.836577635527,-1.570796326795,0,-0.000000000001
44,399,15.92,45.51,33.21,18.775344879502,-1.308996938996,0,0.000000000001
45,399,15.92,51.81,50.52,18.293925780028,-2.652900463031,1.138583001374,-2.870651469728
40,400,15.96,56.50,-2.40,19.681740839203,-1.570796326795,0,0.000000000006
41,400,15.96,56.50,17.94,19.153371957614,-1.570796326795,0,0.000000000005
43,400,15.96,56.50,66.17,17.836577635527,-1.570796326795,0,0
44,400,15.96,45.71,32.49,18.775344879503,-1.308996938996,-0,0.000000000008
45,400,15.96,51.16,50.17,18.06427366245,-2.561813822921,3.448723129022,-2.860913819115
40,401,16,56.50,-3.19,19.681740839203,-1.570796326795,0,-0.000000000011
41,401,16,56.50,17.18,19.153371957614,-1.570796326795,0,-0.000000000011
43,401,16,56.50,65.46,17.836577635527,-1.570796326795,-0,0.000000000006
44,401,16,45.90,31.76,18.775344879503,-1.308996938996,-0,0.000000000004
45,401,16,50.60,49.73,18.065052674498,-2.37700261271,3.442906285111,2.870651469735
40,402,16.04,56.50,-3.98,19.681740839202,-1.570796326795,-0,-0.000000000014
41,402,16.04,56.50,16.41,19.153371957613,-1.570796326795,-0,-0.00000000001
43,402,16.04,56.50,64.74,17.836577635528,-1.570796326795,0,-0.000000000006
44,402,16.04,46.10,31.04,18.775344879503,-1.308996938996,0,-0.00000000001
45,402,16.04,50.12,49.17,18.293925780029,-2.286381320113,1.132766157463,2.860913819114
40,403,16.08,56.50,-4.77,19.681740839202,-1.570796326795,-0,0.000000000008
41,403,16.08,56.50,15.65,19.153371957613,-1.570796326795,-0,0.000000000011
43,403,16.08,56.50,64.03,17.836577635527,-1.570796326795,-0,-0.000000000008
44,403,16.08,46.29,30.31,18.775344879502,-1.308996938996,0.01306977396,-0.056510725082
45,403,16.08,49.64,48.62,18.293925780028,-2.286381320113,0,-0.000000000007
40,404,16.12,56.50,-5.55,19.681740839203,-1.570796326795,0,0.000000000003
41,404,16.12,56.50,14.88,19.153371957614,-1.570796326795,0,-0.000000000001
43,404,16.12,56.50,63.32,17.836577635527,-1.570796326795,-0,0.000000000008
44,404,16.12,46.49,29.59,18.770824021496,-1.307951357079,2.391924809994,-5.8706496886
45,404,16.12,49.16,48.07,18.293925780028,-2.286381320113,0,0.000000000013
40,405,16.16,56.50,-6.34,19.681740839202,-1.570796326795,-0,-0.000000000008
41,405,16.16,56.50,14.11,19.153371957613,-1.570796326795,-0,-0.000000000011
43,405,16.16,56.50,62.60,17.836577635528,-1.570796326795,0,0.00000000001
44,405,16.16,46.68,28.86,18.305692904414,-1.117642954196,5.220907003441,-1.685835296373
45,405,16.16,48.68,47.52,18.293925780029,-2.286381320113,-0,0.000000000004
40,406,16.2,56.50,-7.13,19.681740839202,-1.570796326795,-0,0.000000000011
41,406,16.2,56.50,13.35,19.153371957613,-1.570796326795,-0,0.000000000011
43,406,16.2,56.50,61.89,17.836577635528,-1.570796326795,0,-0.00000000001
44,406,16.2,47.13,28.27,18.635957197786,-0.890278796804,3.280395258987,5.870649688599
45,406,16.2,48.20,46.96,18.293925780028,-2.286381320113,-0,-0.000000000012
40,407,16.24,56.50,-7.91,19.681740839203,-1.570796326795,0,0.000000000011
41,407,16.24,56.50,12.58,19.153371957614,-1.570796326795,0,0.00000000001
43,407,16.24,56.50,61.17,17.836577635527,-1.570796326795,-0,-0.00000000001
44,407,16.24,47.62,27.70,18.775344879502,-0.855211333477,0.438343291581,1.742346021445
45,407,16.24,47.72,46.41,18.293925780028,-2.286381320113,0,-0.000000000007
40,408,16.28,56.50,-8.70,19.681740839203,-1.570796326795,0,-0
41,408,16.28,56.50,11.81,19.153371957614,-1.570796326795,0,-0
43,408,16.28,56.50,60.46,17.836577635527,-1.570796326795,-0,0.000000000013
44,408,16.28,48.11,27.14,18.775344879502,-0.855211333477,0,0.000000000013
45,408,16.28,47.24,45.86,18.293925780028,-2.286381320113,2.537142130312,-5.797135714385
40,409,16.32,56.50,-9.49,19.681740839203,-1.570796326795,0,-0.000000000011
41,409,16.32,56.50,11.05,19.153371957614,-1.570796326795,0,0.000000000001
43,409,16.32,56.50,59.75,17.836577635528,-1.570796326795,0,0.000000000009
44,409,16.32,48.61,26.57,18.775344879503,-0.855211333477,0,0.000000000012
45,409,16.32,46.76,45.31,17.830154922877,-2.083409949688,5.386931893483,-1.139920852475
40,410,16.36,56.50,-10.28,19.681740839202,-1.570796326795,-0,-0.000000000011
41,410,16.36,56.50,10.28,19.153371957614,-1.570796326795,0,-0.000000000012
43,410,16.36,56.50,59.03,17.836577635528,-1.570796326795,-0.022575939178,-0.024613784058
44,410,16.36,49.10,26.00,18.775344879503,-0.855211333477,0,-0.000000000011
45,410,16.36,46.54,44.62,18.20273211183,-1.855426768634,3.13517793867,5.797135714384
40,411,16.4,56.50,-11.06,19.681740839202,-1.570796326795,-0,0.000000000011
41,411,16.4,56.50,9.52,19.153371957613,-1.570796326795,-0,-0.000000000014
43,411,16.4,56.50,58.32,17.834608532803,-1.572602401929,-0.657477818034,-0.418032149282
44,411,16.4,49.59,25.44,18.775344879502,-0.855211333477,0,-0.000000000011
45,411,16.4,46.35,43.91,18.293925780028,-1.832595714594,0.285388175499,1.139920852474
40,412,16.44,56.50,-11.85,19.681740839203,-1.570796326795,0,0.000000000008
41,412,16.44,56.50,8.75,19.153371957613,-1.570796326795,-0,0.000000000013
43,412,16.44,56.50,57.61,17.803135063585,-1.623394552238,-1.387129735713,-0.115483279438
44,412,16.44,50.08,24.87,18.775344879502,-0.855211333477,1.047842764196,-2.784475057816
45,412,16.44,46.16,43.20,18.293925780028,-1.832595714594,-0,0.000000000012
40,413,16.48,56.50,-12.64,19.681740839203,-1.570796326795,0,-0.000000000014
41,413,16.48,56.50,7.98,19.153371957614,-1.570796326795,0,0.000000000002
43,413,16.48,56.43,56.90,17.825369870448,-1.683572780786,-0.891415411295,0.418032149282
44,413,16.48,50.58,24.30,18.552586874877,-0.771383912342,3.357868487391,-3.086476233853
45,413,16.48,45.97,42.50,18.293925780029,-1.832595714594,-0,0.000000000011
40,414,16.52,56.50,-13.43,19.681740839202,-1.570796326795,-0,-0.000000000008
41,414,16.52,56.50,7.22,19.153371957613,-1.570796326795,-0,-0.000000000011
43,414,16.52,56.34,56.19,17.836577635528,-1.694707785141,-0.139187554437,0.140097063483
44,414,16.52,51.15,23.84,18.528426780794,-0.586581854486,3.533646522289,2.784475057816
45,414,16.52,45.78,41.79,18.293925780029,-1.832595714594,0,-0.000000000012
40,415,16.56,56.50,-14.21,19.681740839202,-1.570796326795,-0,0.000000000014
41,415,16.56,56.50,6.45,19.153371957613,-1.570796326795,-0,0.000000000012
43,415,16.56,56.25,55.48,17.836577635527,-1.694707785141,-0,-0.000000000007
44,415,16.56,51.81,23.48,18.775344879502,-0.488692190558,1.223620799094,3.08647623385
45,415,16.56,45.59,41.08,18.293925780028,-1.832595714594,0,-0.00000000001
40,416,16.6,56.50,-15.00,19.681740839203,-1.570796326795,0,0.000000000022
41,416,16.6,56.50,5.69,19.153371957614,-1.570796326795,0,0.000000000011
43,416,16.6,56.16,54.77,17.836577635527,-1.694707785141,0,0.000000000014
44,416,16.6,52.47,23.13,18.775344879502,-0.488692190558,-0,0.000000000009
45,416,16.6,45.40,40.38,18.293925780028,-1.832595714594,-0,0.000000000011
41,417,16.64,56.50,4.92,19.153371957614,-1.570796326795,0,-0.000000000001
43,417,16.64,56.07,54.07,17.836577635528,-1.694707785141,-0.446061198102,-3.919978874332
44,417,16.64,53.14,22.78,18.775344879503,-0.488692190558,0,0.000000000013
45,417,16.64,45.22,39.67,18.293925780028,-1.832595714594,-0,0.00000000001
41,418,16.68,56.50,4.15,19.153371957614,-1.570796326795,0,-0.000000000011
43,418,16.68,55.98,53.36,17.522979325581,-1.730392680989,-6.369971082881,-25.010269365951
44,418,16.68,53.80,22.42,18.775344879503,-0.488692190558,0,0.000000000002
45,418,16.68,45.03,38.96,18.293925780029,-1.832595714594,0,0.000000000001
41,419,16.72,56.50,3.39,19.153371957613,-1.570796326795,-0,-0.000000000011
43,419,16.72,55.85,52.68,15.835756086252,-2.204305471772,-11.392774509164,2.656963329336
44,419,16.72,54.46,22.07,18.775344879503,-0.488692190558,0,-0.000000000009
45,419,16.72,44.84,38.26,18.293925780029,-1.832595714594,0.711245351003,-3.072609980267
41,420,16.76,56.50,2.62,19.153371957613,-1.570796326795,-0,0.000000000011
43,420,16.76,55.23,52.34,17.735536391927,-2.641814641722,-5.607437390747,25.01026936594
44,420,16.76,55.13,21.72,18.775344879502,-0.488692190558,-0.327669250837,-4.318764494183
45,420,16.76,44.65,37.55,18.048116981607,-1.775696086514,4.023250148611,-7.392888586688
41,421,16.8,56.50,1.85,19.153371957614,-1.570796326795,0,-0
43,421,16.8,54.60,52.00,17.836577635527,-2.652900463031,-0.138572766363,1.263015545004
44,421,16.8,55.79,21.37,18.429843719968,-0.514905730625,-6.195594303981,-34.092071117006
45,421,16.8,44.54,36.84,17.702494693093,-1.510735702705,5.833739343975,3.072609980268
41,422,16.84,56.50,1.09,19.153371957613,-1.570796326795,-0,-0.000000000011
43,422,16.84,53.97,51.67,17.836577635528,-2.652900463031,-0,-0.000000000002
44,422,16.84,56.41,20.99,16.047979190142,-0.984339734877,-12.418794036603,-3.862863802563
45,422,16.84,44.73,36.13,18.293925780029,-1.308996938996,2.521734546367,7.392888586678
41,423,16.88,56.50,0.32,19.153371957613,-1.570796326795,-0,0.000000000011
43,423,16.88,53.34,51.33,17.836577635527,-2.652900463031,-0,-0.000000000008
44,423,16.88,56.50,20.30,18.120814615763,-1.508409253554,-7.330707398976,34.092071117005
45,423,16.88,44.92,35.43,18.293925780028,-1.308996938996,-0,-0.000000000009
41,424,16.92,56.50,-0.44,19.153371957614,-1.570796326795,0,0.000000000011
43,424,16.92,52.71,51.00,17.836577635527,-2.652900463031,-0,0.000000000012
44,424,16.92,56.50,19.55,18.775344879502,-1.570796326795,-0.779838415517,8.181628296743
45,424,16.92,45.11,34.72,18.293925780028,-1.308996938996,-0,0.000000000012
41,425,16.96,56.50,-1.21,19.153371957614,-1.570796326795,0,0
43,425,16.96,52.08,50.66,17.836577635528,-2.652900463031,0.341035621343,-1.039417751768
44,425,16.96,56.50,18.80,18.775344879503,-1.570796326795,0,0.000000000009
45,425,16.96,45.30,34.01,18.293925780029,-1.308996938996,0,0.000000000007
41,426,17,56.50,-1.98,19.153371957614,-1.570796326795,0,-0.000000000011
43,426,17,51.45,50.33,17.753424215386,-2.625617613324,2.353156278487,-3.730706683156
44,426,17,56.50,18.04,18.775344879503,-1.570796326795,0,-0
45,426,17,45.49,33.31,18.293925780028,-1.308996938996,-0,-0.000000000001
41,427,17.04,56.50,-2.74,19.153371957613,-1.570796326795,-0,-0.000000000011
43,427,17.04,50.85,49.96,17.538121100875,-2.464647960752,3.960276950131,0.172669553861
44,427,17.04,56.50,17.29,18.775344879503,-1.570796326795,0,-0.000000000011
45,427,17.04,45.68,32.60,18.293925780029,-1.308996938996,0,-0.000000000009
41,428,17.08,56.50,-3.51,19.153371957613,-1.570796326795,-0,0.000000000011
43,428,17.08,50.36,49.45,17.767237779695,-2.308795457313,2.228333007998,3.730706683147
44,428,17.08,56.50,16.54,18.775344879502,-1.570796326795,-0,-0.00000000001
45,428,17.08,45.87,31.89,18.293925780028,-1.308996938996,-0,-0.000000000012
41,429,17.12,56.50,-4.27,19.153371957614,-1.570796326795,0,0
43,429,17.12,49.89,48.91,17.836577635527,-2.286381320113,0.280176715011,0.866748197917
44,429,17.12,56.50,15.79,18.775344879502,-1.570796326795,-0,0.000000000011
45,429,17.12,46.06,31.19,18.293925780028,-1.308996938996,-0,0.000000000009
41,430,17.16,56.50,-5.04,19.153371957613,-1.570796326795,-0,-0.000000000011
43,430,17.16,49.42,48.37,17.836577635528,-2.286381320113,0,0.000000000007
44,430,17.16,56.50,15.04,18.775344879503,-1.570796326795,0,0.000000000002
45,430,17.16,46.25,30.48,18.293925780028,-1.308996938996,0.003205210778,-0.013528843197
41,431,17.2,56.50,-5.81,19.153371957613,-1.570796326795,-0,0.000000000007
43,431,17.2,48.96,47.83,17.836577635528,-2.286381320113,-0,-0.000000000015
44,431,17.2,56.50,14.29,18.775344879502,-1.570796326795,-0,-0.000000000008
45,431,17.2,46.44,29.77,18.292843472572,-1.308740522134,1.54923038587,-4.674798244185
41,432,17.24,56.50,-6.57,19.153371957614,-1.570796326795,0,0.000000000009
43,432,17.24,48.49,47.30,17.836577635527,-2.286381320113,-0,-0.000000000007
44,432,17.24,56.50,13.54,18.775344879502,-1.570796326795,-0,0.000000000008
45,432,17.24,46.63,29.07,17.919941920494,-1.185058508126,4.415426733488,-4.049858755623
41,433,17.28,56.50,-7.34,19.153371957614,-1.570796326795,0,0.000000000003
43,433,17.28,48.02,46.76,17.836577635527,-2.286381320113,0,0.000000000014
44,433,17.28,56.50,12.79,18.775344879503,-1.570796326795,0,0.000000000007
45,433,17.28,46.98,28.44,17.968854772122,-0.955506383454,4.123089683112,4.674798244185
41,434,17.32,56.50,-8.10,19.153371957614,-1.570796326795,0,0.000000000002
43,434,17.32,47.55,46.22,17.836577635528,-2.286381320113,0.69086734307,-2.475237531169
44,434,17.32,56.50,12.04,18.775344879503,-1.570796326795,0,-0.000000000001
45,434,17.32,47.46,27.89,18.293925780028,-0.855211333477,1.253688124715,4.063387598832
41,435,17.36,56.50,-8.87,19.153371957614,-1.570796326795,0,-0.000000000011
43,435,17.36,47.08,45.68,17.638558633034,-2.231111932667,3.41695276458,-5.479670722657
44,435,17.36,56.50,11.29,18.775344879503,-1.570796326795,0,0
45,435,17.36,47.94,27.34,18.293925780028,-0.855211333477,0,-0.000000000007
41,436,17.4,56.50,-9.64,19.153371957613,-1.570796326795,-0,-0.00000000001
43,436,17.4,46.69,45.10,17.398203977715,-2.013025098946,4.850089965342,1.947870867196
44,436,17.4,56.50,10.53,18.775344879503,-1.570796326795,0,-0.00000000001
45,436,17.4,48.42,26.79,18.293925780028,-0.855211333477,-0,-0.00000000001
41,437,17.44,56.50,-10.40,19.153371957613,-1.570796326795,-0,0.000000000011
43,437,17.44,46.49,44.42,17.794388302409,-1.84310473544,2.255367304401,5.479670722657
44,437,17.44,56.50,9.78,18.775344879502,-1.570796326795,-0,-0.000000000009
45,437,17.44,48.90,26.24,18.293925780028,-0.855211333477,-0,0.000000000009
41,438,17.48,56.50,-11.17,19.153371957614,-1.570796326795,0,-0
43,438,17.48,46.30,43.73,17.836577635528,-1.832595714594,0.13136276057,0.527366663982
44,438,17.48,56.50,9.03,18.775344879502,-1.570796326795,-0,0.00000000001
45,438,17.48,49.38,25.68,18.293925780029,-0.855211333477,0,0.000000000012
41,439,17.52,56.50,-11.94,19.153371957613,-1.570796326795,-0,-0.000000000011
43,439,17.52,46.12,43.04,17.836577635528,-1.832595714594,-0,-0.000000000012
44,439,17.52,56.50,8.28,18.775344879503,-1.570796326795,0,-0.000000000001
45,439,17.52,49.86,25.13,18.293925780029,-0.855211333477,0.193745313017,-0.627687161647
41,440,17.56,56.50,-12.70,19.153371957613,-1.570796326795,-0,0.000000000011
43,440,17.56,45.93,42.35,17.836577635527,-1.832595714594,-0,-0.00000000001
44,440,17.56,56.50,7.53,18.775344879502,-1.570796326795,-0,-0.000000000008
45,440,17.56,50.34,24.58,18.243710807097,-0.839711708436,2.169287101914,-3.818553988787
41,441,17.6,56.50,-13.47,19.153371957614,-1.570796326795,0,0.000000000011
43,441,17.6,45.75,41.67,17.836577635527,-1.832595714594,0,0.000000000009
44,441,17.6,56.50,6.78,18.775344879502,-1.570796326795,-0,0.000000000014
45,441,17.6,50.83,24.04,17.988441460926,-0.681668365324,4.075738026456,-0.354614727481
41,442,17.64,56.50,-14.23,19.153371957614,-1.570796326795,0,0
43,442,17.64,45.57,40.98,17.836577635528,-1.832595714594,0,0.00000000001
44,442,17.64,56.50,6.03,18.775344879503,-1.570796326795,0,0.000000000008
45,442,17.64,51.45,23.67,18.215341628898,-0.513652666319,2.412202184571,3.818553988784
41,443,17.68,56.50,-15.00,19.153371957614,-1.570796326795,0,0
43,443,17.68,45.38,40.29,17.836577635528,-1.832595714594,-0,0.000000000002
44,443,17.68,56.50,5.28,18.775344879503,-1.570796326795,0,-0.000000000002
45,443,17.68,52.10,23.33,18.293925780028,-0.488692190558,0.312005947012,0.982301889127
43,444,17.72,45.20,39.60,17.836577635528,-1.832595714594,-0,-0.000000000012
44,444,17.72,56.50,4.53,18.775344879503,-1.570796326795,0,-0.000000000011
45,444,17.72,52.75,22.99,18.293925780029,-0.488692190558,0,-0.000000000006
43,445,17.76,45.01,38.91,17.836577635527,-1.832595714594,-0,-0.000000000008
44,445,17.76,56.50,3.78,18.775344879502,-1.570796326795,-0,-0.000000000011
45,445,17.76,53.39,22.64,18.293925780028,-0.488692190558,-0,-0.000000000011
43,446,17.8,44.83,38.22,17.836577635527,-1.832595714594,0.729726483599,-3.06311779246
44,446,17.8,56.50,3.02,18.775344879502,-1.570796326795,-0,0.00000000001
45,446,17.8,54.04,22.30,18.293925780028,-0.488692190558,-0,0.000000000006
43,447,17.84,44.64,37.53,17.59152821213,-1.774217595906,4.042452299077,-7.187880194968
44,447,17.84,56.50,2.27,18.775344879503,-1.570796326795,0,-0
45,447,17.84,54.68,21.95,18.293925780028,-0.488692190558,0.014184894299,-0.001692502783
43,448,17.88,44.54,36.84,17.26154721993,-1.509199530668,5.81525821138,3.06311779246
44,448,17.88,56.50,1.52,18.775344879502,-1.570796326795,-0,-0.00000000001
45,448,17.88,55.33,21.61,18.293790379805,-0.487557399015,-1.056490024755,-11.163195178157
43,449,17.92,44.73,36.15,17.836577635527,-1.308996938996,2.502532395902,7.187880194975
44,449,17.92,56.50,0.77,18.775344879502,-1.570796326795,-0,0.000000000013
45,449,17.92,55.98,21.27,17.400870165776,-0.573211392539,-8.185973666117,-32.05523514364
43,450,17.96,44.91,35.46,17.836577635528,-1.308996938996,0,0.00000000001
44,450,17.96,56.50,0.02,18.775344879503,-1.570796326795,0,0.000000000013
45,450,17.96,56.50,20.86,15.729371568314,-1.142435292304,-12.469811678201,11.163195178159
43,451,18,45.10,34.77,17.836577635528,-1.308996938996,0,-0.000000000001
44,451,18,56.50,-0.73,18.775344879503,-1.570796326795,0,-0.000000000003
45,451,18,56.50,20.12,18.293925780028,-1.570796326795,-5.354512931138,32.056927646435
43,452,18.04,45.28,34.08,17.836577635528,-1.308996938996,0,-0.000000000011
44,452,18.04,56.50,-1.48,18.775344879503,-1.570796326795,0,-0.000000000013
45,452,18.04,56.50,19.39,18.293925780029,-1.570796326795,0,-0.000000000009
43,453,18.08,45.47,33.40,17.836577635527,-1.308996938996,-0,-0.000000000009
44,453,18.08,56.50,-2.23,18.775344879502,-1.570796326795,-0,-0.00000000001
45,453,18.08,56.50,18.66,18.293925780028,-1.570796326795,-0,-0.000000000011
43,454,18.12,45.65,32.71,17.836577635527,-1.308996938996,-0,0.00000000001
44,454,18.12,56.50,-2.98,18.775344879502,-1.570796326795,-0,0.00000000001
45,454,18.12,56.50,17.93,18.293925780028,-1.570796326795,-0,0.000000000008
43,455,18.16,45.84,32.02,17.836577635528,-1.308996938996,0,0.00000000001
44,455,18.16,56.50,-3.73,18.775344879503,-1.570796326795,0,0
45,455,18.16,56.50,17.20,18.293925780028,-1.570796326795,0,-0.000000000001
43,456,18.2,46.02,31.33,17.836577635528,-1.308996938996,0,-0.000000000009
44,456,18.2,56.50,-4.49,18.775344879502,-1.570796326795,-0,-0.000000000011
45,456,18.2,56.50,16.47,18.293925780028,-1.570796326795,-0,-0.000000000009
43,457,18.24,46.20,30.64,17.836577635527,-1.308996938996,-0,-0.000000000011
44,457,18.24,56.50,-5.24,18.775344879502,-1.570796326795,-0,0.00000000001
45,457,18.24,56.50,15.73,18.293925780028,-1.570796326795,-0,0.000000000011
43,458,18.28,46.39,29.95,17.836577635527,-1.308996938996,0.718096948431,-2.557931449795
44,458,18.28,56.50,-5.99,18.775344879503,-1.570796326795,0,0.00000000001
45,458,18.28,56.50,15.00,18.293925780028,-1.570796326795,0,0.00000000001
43,459,18.32,46.57,29.26,17.631943119543,-1.251549183121,3.582554435315,-5.326516565813
44,459,18.32,56.50,-6.74,18.775344879503,-1.570796326795,0,0.000000000003
45,459,18.32,56.50,14.27,18.293925780028,-1.570796326795,0,0
43,460,18.36,46.83,28.61,17.410456310262,-1.022392584171,4.954223120551,2.557931449797
44,460,18.36,56.50,-7.49,18.775344879503,-1.570796326795,0,0.000000000003
45,460,18.36,56.50,13.54,18.293925780028,-1.570796326795,0,0
43,461,18.4,47.30,28.07,17.836577635527,-0.855211333477,2.089765633667,5.326516565815
44,461,18.4,56.50,-8.24,18.775344879503,-1.570796326795,0,-0.000000000014
45,461,18.4,56.50,12.81,18.293925780028,-1.570796326795,0,-0.000000000011
43,462,18.44,47.77,27.53,17.836577635527,-0.855211333477,-0,0.000000000009
44,462,18.44,56.50,-8.99,18.775344879502,-1.570796326795,-0,-0.000000000014
45,462,18.44,56.50,12.08,18.293925780028,-1.570796326795,-0,-0.000000000008
43,463,18.48,48.24,27.00,17.836577635528,-0.855211333477,0,0.000000000008
44,463,18.48,56.50,-9.74,18.775344879502,-1.570796326795,-0,0.000000000011
45,463,18.48,56.50,11.34,18.293925780028,-1.570796326795,-0,0.000000000014
43,464,18.52,48.70,26.46,17.836577635528,-0.855211333477,0,-0.000000000011
44,464,18.52,56.50,-10.49,18.775344879503,-1.570796326795,0,0.000000000001
45,464,18.52,56.50,10.61,18.293925780029,-1.570796326795,0,-0.000000000002
43,465,18.56,49.17,25.92,17.836577635527,-0.855211333477,-0,-0.000000000009
44,465,18.56,56.50,-11.24,18.775344879502,-1.570796326795,-0,-0.000000000011
45,465,18.56,56.50,9.88,18.293925780028,-1.570796326795,-0,-0.000000000012
43,466,18.6,49.64,25.38,17.836577635527,-0.855211333477,0,0.000000000013
44,466,18.6,56.50,-12.00,18.775344879502,-1.570796326795,-0,0.00000000001
45,466,18.6,56.50,9.15,18.293925780028,-1.570796326795,-0,0.00000000001
43,467,18.64,50.11,24.84,17.836577635528,-0.855211333477,0.982891462576,-2.528012360553
44,467,18.64,56.50,-12.75,18.775344879503,-1.570796326795,0,0.000000000011
45,467,18.64,56.50,8.42,18.293925780028,-1.570796326795,0,0.000000000009
43,468,18.68,50.58,24.30,17.634336646683,-0.776580016471,3.292684842646,-3.027308154088
44,468,18.68,56.50,-13.50,18.775344879503,-1.570796326795,0,-0
45,468,18.68,56.50,7.68,18.293925780028,-1.570796326795,0,-0
43,469,18.72,51.11,23.85,17.594392983201,-0.591796546066,3.598597823909,2.528012360552
44,469,18.72,56.50,-14.25,18.775344879503,-1.570796326795,0,0
45,469,18.72,56.50,6.95,18.293925780028,-1.570796326795,0,-0.00000000001
43,470,18.76,51.74,23.52,17.836577635527,-0.488692190558,1.288804443839,3.027308154077
44,470,18.76,56.50,-15.00,18.775344879503,-1.570796326795,0,0
45,470,18.76,56.50,6.22,18.293925780028,-1.570796326795,-0,-0.000000000009
43,471,18.8,52.37,23.18,17.836577635527,-0.488692190558,0,0.000000000011
45,471,18.8,56.50,5.49,18.293925780028,-1.570796326795,-0,0.000000000011
43,472,18.84,53.00,22.85,17.836577635528,-0.488692190558,0,0.000000000001
45,472,18.84,56.50,4.76,18.293925780029,-1.570796326795,0,-0.000000000001
43,473,18.88,53.63,22.51,17.836577635527,-0.488692190558,-0,-0.000000000012
45,473,18.88,56.50,4.03,18.293925780028,-1.570796326795,-0,-0.000000000011
43,474,18.92,54.26,22.18,17.836577635527,-0.488692190558,-0,0.000000000008
45,474,18.92,56.50,3.29,18.293925780028,-1.570796326795,-0,0.00000000001
43,475,18.96,54.89,21.84,17.836577635528,-0.488692190558,0.036553756708,-0.003669048539
45,475,18.96,56.50,2.56,18.293925780028,-1.570796326795,0,0.00000000001
43,476,19,55.52,21.51,17.836284111644,-0.485767890022,-2.738076032778,-22.309958523987
45,476,19,56.50,1.83,18.293925780028,-1.570796326795,0,0
43,477,19.04,56.16,21.18,16.051780953609,-0.707738273181,-10.120959829717,-25.344982574384
45,477,19.04,56.50,1.10,18.293925780028,-1.570796326795,0,-0.000000000007
43,478,19.08,56.50,20.67,15.808685505693,-1.295444676399,-10.788225670178,22.309958523975
45,478,19.08,56.50,0.37,18.293925780028,-1.570796326795,-0,-0.000000000007
43,479,19.12,56.50,19.96,17.836577635527,-1.570796326795,-3.441895629947,25.348651622932
45,479,19.12,56.50,-0.36,18.293925780028,-1.570796326795,-0,0.000000000007
43,480,19.16,56.50,19.25,17.836577635528,-1.570796326795,0,0.000000000001
45,480,19.16,56.50,-1.10,18.293925780028,-1.570796326795,0,-0.000000000003
43,481,19.2,56.50,18.53,17.836577635527,-1.570796326795,-0,-0.000000000011
45,481,19.2,56.50,-1.83,18.293925780028,-1.570796326795,-0,-0.00000000001
43,482,19.24,56.50,17.82,17.836577635527,-1.570796326795,-0,0.000000000008
45,482,19.24,56.50,-2.56,18.293925780028,-1.570796326795,-0,0.00000000001
43,483,19.28,56.50,17.11,17.836577635528,-1.570796326795,0,0.00000000001
45,483,19.28,56.50,-3.29,18.293925780028,-1.570796326795,0,0.00000000001
43,484,19.32,56.50,16.39,17.836577635528,-1.570796326795,0,0.000000000001
45,484,19.32,56.50,-4.02,18.293925780028,-1.570796326795,0,0
43,485,19.36,56.50,15.68,17.836577635528,-1.570796326795,0,-0
45,485,19.36,56.50,-4.76,18.293925780028,-1.570796326795,0,-0.000000000001
43,486,19.4,56.50,14.97,17.836577635528,-1.570796326795,0,-0.000000000011
45,486,19.4,56.50,-5.49,18.293925780028,-1.570796326795,0,-0.00000000001
43,487,19.44,56.50,14.25,17.836577635527,-1.570796326795,-0,-0.00000000001
45,487,19.44,56.50,-6.22,18.293925780028,-1.570796326795,-0,-0.00000000001
43,488,19.48,56.50,13.54,17.836577635527,-1.570796326795,-0,0.00000000001
45,488,19.48,56.50,-6.95,18.293925780028,-1.570796326795,-0,0.000000000011
43,489,19.52,56.50,12.83,17.836577635528,-1.570796326795,0,0.000000000002
45,489,19.52,56.50,-7.68,18.293925780028,-1.570796326795,0,0.000000000001
43,490,19.56,56.50,12.11,17.836577635527,-1.570796326795,-0,-0.000000000007
45,490,19.56,56.50,-8.41,18.293925780028,-1.570796326795,-0,-0.000000000011
43,491,19.6,56.50,11.40,17.836577635527,-1.570796326795,-0,0.000000000008
45,491,19.6,56.50,-9.15,18.293925780028,-1.570796326795,-0,0.000000000012
43,492,19.64,56.50,10.68,17.836577635528,-1.570796326795,0,0.000000000008
45,492,19.64,56.50,-9.88,18.293925780029,-1.570796326795,0,0.000000000014
43,493,19.68,56.50,9.97,17.836577635528,-1.570796326795,0,0.000000000001
45,493,19.68,56.50,-10.61,18.293925780029,-1.570796326795,0,-0.000000000002
43,494,19.72,56.50,9.26,17.836577635528,-1.570796326795,0,-0.000000000011
45,494,19.72,56.50,-11.34,18.293925780028,-1.570796326795,0,-0.000000000013
43,495,19.76,56.50,8.54,17.836577635527,-1.570796326795,-0,-0.00000000001
45,495,19.76,56.50,-12.07,18.293925780028,-1.570796326795,-0,-0.00000000001
43,496,19.8,56.50,7.83,17.836577635527,-1.570796326795,-0,0.00000000001
45,496,19.8,56.50,-12.80,18.293925780028,-1.570796326795,-0,0.00000000001
43,497,19.84,56.50,7.12,17.836577635528,-1.570796326795,0,-0.000000000001
45,497,19.84,56.50,-13.54,18.293925780028,-1.570796326795,0,0.000000000001
43,498,19.88,56.50,6.40,17.836577635527,-1.570796326795,-0,-0.000000000009
45,498,19.88,56.50,-14.27,18.293925780028,-1.570796326795,-0,-0.000000000021
43,499,19.92,56.50,5.69,17.836577635527,-1.570796326795,-0,0.000000000011
45,499,19.92,56.50,-15.00,18.293925780027,-1.570796326795,-0,-0.000000000024
43,500,19.96,56.50,4.98,17.836577635528,-1.570796326795,0,0.000000000012
43,501,20,56.50,4.26,17.836577635528,-1.570796326795,0,0.000000000002
43,502,20.04,56.50,3.55,17.836577635528,-1.570796326795,0,-0.000000000013
43,503,20.08,56.50,2.84,17.836577635527,-1.570796326795,-0,-0.000000000013
43,504,20.12,56.50,2.12,17.836577635527,-1.570796326795,-0,0.00000000001
43,505,20.16,56.50,1.41,17.836577635528,-1.570796326795,0,0
43,506,20.2,56.50,0.70,17.836577635527,-1.570796326795,-0,-0.00000000001
43,507,20.24,56.50,-0.02,17.836577635527,-1.570796326795,-0,0.00000000001
43,508,20.28,56.50,-0.73,17.836577635528,-1.570796326795,0,0.00000000001
43,509,20.32,56.50,-1.44,17.836577635528,-1.570796326795,0,-0
43,510,20.36,56.50,-2.16,17.836577635528,-1.570796326795,0,0.000000000003
43,511,20.4,56.50,-2.87,17.836577635528,-1.570796326795,0,-0.000000000007
43,512,20.44,56.50,-3.58,17.836577635527,-1.570796326795,-0,-0.000000000013
43,513,20.48,56.50,-4.30,17.836577635527,-1.570796326795,-0,0.000000000007
43,514,20.52,56.50,-5.01,17.836577635528,-1.570796326795,0,-0
43,515,20.56,56.50,-5.72,17.836577635527,-1.570796326795,-0,-0.000000000011
43,516,20.6,56.50,-6.44,17.836577635527,-1.570796326795,-0,0.00000000001
43,517,20.64,56.50,-7.15,17.836577635528,-1.570796326795,0,0.000000000011
43,518,20.68,56.50,-7.87,17.836577635528,-1.570796326795,0,-0
43,519,20.72,56.50,-8.58,17.836577635528,-1.570796326795,0,-0.00000000001
43,520,20.76,56.50,-9.29,17.836577635527,-1.570796326795,-0,-0.00000000001
43,521,20.8,56.50,-10.01,17.836577635527,-1.570796326795,-0,0.000000000014
43,522,20.84,56.50,-10.72,17.836577635528,-1.570796326795,0,0.000000000003
43,523,20.88,56.50,-11.43,17.836577635527,-1.570796326795,-0,-0.000000000014
43,524,20.92,56.50,-12.15,17.836577635527,-1.570796326795,-0,0.000000000007
43,525,20.96,56.50,-12.86,17.836577635528,-1.570796326795,0,0.00000000001
43,526,21,56.50,-13.57,17.836577635528,-1.570796326795,0,-0
43,527,21.04,56.50,-14.29,17.836577635528,-1.570796326795,0,-0.000000000001
43,528,21.08,56.50,-15.00,17.836577635528,-1.570796326795,0,-0.000000000002
